L4_2019-10-07_21-31-22_64.jpg,4
S3_2019-10-07_21-34-21_32.jpg,3
R2_2019-10-07_21-32-28_150.jpg,2
L4_2019-10-07_21-32-13_26.jpg,4
L4_2019-10-07_21-31-22_63.jpg,4
L4_2019-10-07_21-34-21_31.jpg,4
S3_2019-10-07_21-30-50_155.jpg,3
S3_2019-10-07_21-30-47_131.jpg,3
S3_2019-10-07_21-32-54_15.jpg,3
R2_2019-10-07_21-30-51_161.jpg,2
S3_2019-10-07_21-33-35_4.jpg,3
L4_2019-10-07_21-34-27_76.jpg,4
S3_2019-10-07_21-31-59_5.jpg,3
S3_2019-10-07_21-32-59_54.jpg,3
S3_2019-10-07_21-33-38_28.jpg,3
L4_2019-10-07_21-34-20_23.jpg,4
R2_2019-10-07_21-31-35_172.jpg,2
S3_2019-10-07_21-32-53_2.jpg,3
S3_2019-10-07_21-30-50_152.jpg,3
R2_2019-10-07_21-31-35_170.jpg,2
S3_2019-10-07_21-32-20_84.jpg,3
S3_2019-10-07_21-33-02_85.jpg,3
S3_2019-10-07_21-33-06_116.jpg,3
S3_2019-10-07_21-31-28_113.jpg,3
S3_2019-10-07_21-30-47_130.jpg,3
S3_2019-10-07_21-32-29_159.jpg,3
S3_2019-10-07_21-30-49_141.jpg,3
S3_2019-10-07_21-32-23_110.jpg,3
S3_2019-10-07_21-31-33_156.jpg,3
L4_2019-10-07_21-32-19_71.jpg,4
R2_2019-10-07_21-33-08_128.jpg,2
L4_2019-10-07_21-34-30_108.jpg,4
S3_2019-10-07_21-32-12_15.jpg,3
R2_2019-10-07_21-31-36_174.jpg,2
L4_2019-10-07_21-30-35_32.jpg,4
S3_2019-10-07_21-31-27_99.jpg,3
L4_2019-10-07_21-34-27_81.jpg,4
S3_2019-10-07_21-30-37_47.jpg,3
S3_2019-10-07_21-31-33_155.jpg,3
L4_2019-10-07_21-34-27_83.jpg,4
R2_2019-10-07_21-31-35_171.jpg,2
S3_2019-10-07_21-33-44_81.jpg,3
R2_2019-10-07_21-31-37_186.jpg,2
R2_2019-10-07_21-33-53_156.jpg,2
L4_2019-10-07_21-31-24_77.jpg,4
S3_2019-10-07_21-31-28_108.jpg,3
S3_2019-10-07_21-33-04_95.jpg,3
S3_2019-10-07_21-32-16_46.jpg,3
S3_2019-10-07_21-32-59_58.jpg,3
L4_2019-10-07_21-33-00_61.jpg,4
L4_2019-10-07_21-30-36_33.jpg,4
S3_2019-10-07_21-34-32_124.jpg,3
S3_2019-10-07_21-33-01_73.jpg,3
R2_2019-10-07_21-32-28_147.jpg,2
S3_2019-10-07_21-31-30_128.jpg,3
S3_2019-10-07_21-30-46_120.jpg,3
S3_2019-10-07_21-34-34_141.jpg,3
S3_2019-10-07_21-33-48_114.jpg,3
S3_2019-10-07_21-30-47_129.jpg,3
R2_2019-10-07_21-30-52_172.jpg,2
S3_2019-10-07_21-31-29_123.jpg,3
S3_2019-10-07_21-32-13_22.jpg,3
S3_2019-10-07_21-32-53_10.jpg,3
L4_2019-10-07_21-33-39_33.jpg,4
S3_2019-10-07_21-34-30_101.jpg,3
R2_2019-10-07_21-33-50_130.jpg,2
R2_2019-10-07_21-32-26_132.jpg,2
L4_2019-10-07_21-32-13_24.jpg,4
S3_2019-10-07_21-31-38_187.jpg,3
L4_2019-10-07_21-32-56_33.jpg,4
S3_2019-10-07_21-33-07_120.jpg,3
S3_2019-10-07_21-30-34_17.jpg,3
R2_2019-10-07_21-32-26_133.jpg,2
S3_2019-10-07_21-31-31_140.jpg,3
S3_2019-10-07_21-32-58_48.jpg,3
R2_2019-10-07_21-33-53_154.jpg,2
L4_2019-10-07_21-32-18_62.jpg,4
L4_2019-10-07_21-31-19_38.jpg,4
R2_2019-10-07_21-31-36_181.jpg,2
R2_2019-10-07_21-33-48_108.jpg,2
S3_2019-10-07_21-33-50_127.jpg,3
S3_2019-10-07_21-33-41_49.jpg,3
R2_2019-10-07_21-32-30_167.jpg,2
R2_2019-10-07_21-33-51_134.jpg,2
R2_2019-10-07_21-30-52_168.jpg,2
S3_2019-10-07_21-32-54_18.jpg,3
L4_2019-10-07_21-34-21_28.jpg,4
R2_2019-10-07_21-33-49_121.jpg,2
S3_2019-10-07_21-33-11_156.jpg,3
L4_2019-10-07_21-34-23_48.jpg,4
R2_2019-10-07_21-31-34_161.jpg,2
S3_2019-10-07_21-33-36_7.jpg,3
S3_2019-10-07_21-31-18_26.jpg,3
R2_2019-10-07_21-34-35_143.jpg,2
S3_2019-10-07_21-31-15_5.jpg,3
L4_2019-10-07_21-34-21_30.jpg,4
L4_2019-10-07_21-31-16_13.jpg,4
R2_2019-10-07_21-33-08_134.jpg,2
S3_2019-10-07_21-32-10_0.jpg,3
S3_2019-10-07_21-31-30_126.jpg,3
S3_2019-10-07_21-31-28_110.jpg,3
S3_2019-10-07_21-34-25_64.jpg,3
S3_2019-10-07_21-31-21_54.jpg,3
S3_2019-10-07_21-32-00_8.jpg,3
S3_2019-10-07_21-33-03_88.jpg,3
L4_2019-10-07_21-33-40_40.jpg,4
L4_2019-10-07_21-31-20_44.jpg,4
S3_2019-10-07_21-31-23_69.jpg,3
S3_2019-10-07_21-30-50_157.jpg,3
S3_2019-10-07_21-32-59_55.jpg,3
S3_2019-10-07_21-33-41_54.jpg,3
S3_2019-10-07_21-34-29_100.jpg,3
S3_2019-10-07_21-34-33_129.jpg,3
R2_2019-10-07_21-33-08_132.jpg,2
R2_2019-10-07_21-34-36_155.jpg,2
S3_2019-10-07_21-34-34_140.jpg,3
S3_2019-10-07_21-33-44_79.jpg,3
R2_2019-10-07_21-31-37_184.jpg,2
L4_2019-10-07_21-30-35_28.jpg,4
S3_2019-10-07_21-30-45_110.jpg,3
S3_2019-10-07_21-31-17_19.jpg,3
R2_2019-10-07_21-33-05_109.jpg,2
L4_2019-10-07_21-32-17_54.jpg,4
L4_2019-10-07_21-33-01_72.jpg,4
R2_2019-10-07_21-32-25_127.jpg,2
R2_2019-10-07_21-30-53_177.jpg,2
S3_2019-10-07_21-31-32_143.jpg,3
S3_2019-10-07_21-31-21_51.jpg,3
L4_2019-10-07_21-34-24_58.jpg,4
S3_2019-10-07_21-32-21_89.jpg,3
S3_2019-10-07_21-30-48_138.jpg,3
R2_2019-10-07_21-31-36_177.jpg,2
R2_2019-10-07_21-34-35_150.jpg,2
R2_2019-10-07_21-32-25_120.jpg,2
S3_2019-10-07_21-30-43_91.jpg,3
S3_2019-10-07_21-31-59_4.jpg,3
S3_2019-10-07_21-34-29_96.jpg,3
R2_2019-10-07_21-34-37_161.jpg,2
L4_2019-10-07_21-34-18_6.jpg,4
R2_2019-10-07_21-31-36_175.jpg,2
L4_2019-10-07_21-30-44_102.jpg,4
S3_2019-10-07_21-31-20_48.jpg,3
L4_2019-10-07_21-34-27_80.jpg,4
S3_2019-10-07_21-34-29_93.jpg,3
S3_2019-10-07_21-30-32_3.jpg,3
S3_2019-10-07_21-32-27_139.jpg,3
L4_2019-10-07_21-34-20_21.jpg,4
S3_2019-10-07_21-34-32_120.jpg,3
S3_2019-10-07_21-32-21_86.jpg,3
S3_2019-10-07_21-31-23_67.jpg,3
R2_2019-10-07_21-31-37_185.jpg,2
S3_2019-10-07_21-32-53_5.jpg,3
L4_2019-10-07_21-31-21_55.jpg,4
S3_2019-10-07_21-31-17_20.jpg,3
S3_2019-10-07_21-32-01_15.jpg,3
L4_2019-10-07_21-32-17_58.jpg,4
S3_2019-10-07_21-33-36_8.jpg,3
L4_2019-10-07_21-34-27_78.jpg,4
S3_2019-10-07_21-33-49_123.jpg,3
S3_2019-10-07_21-34-18_5.jpg,3
R2_2019-10-07_21-33-52_143.jpg,2
S3_2019-10-07_21-32-19_73.jpg,3
S3_2019-10-07_21-32-59_57.jpg,3
S3_2019-10-07_21-34-25_61.jpg,3
S3_2019-10-07_21-30-42_85.jpg,3
L4_2019-10-07_21-31-22_61.jpg,4
S3_2019-10-07_21-30-34_16.jpg,3
S3_2019-10-07_21-33-35_0.jpg,3
L4_2019-10-07_21-34-18_7.jpg,4
S3_2019-10-07_21-33-35_3.jpg,3
L4_2019-10-07_21-31-26_92.jpg,4
S3_2019-10-07_21-30-46_116.jpg,3
S3_2019-10-07_21-33-42_58.jpg,3
L4_2019-10-07_21-32-14_33.jpg,4
S3_2019-10-07_21-30-33_12.jpg,3
S3_2019-10-07_21-34-24_59.jpg,3
S3_2019-10-07_21-30-48_137.jpg,3
S3_2019-10-07_21-30-32_6.jpg,3
S3_2019-10-07_21-31-30_125.jpg,3
S3_2019-10-07_21-30-44_106.jpg,3
S3_2019-10-07_21-32-58_47.jpg,3
R2_2019-10-07_21-33-12_163.jpg,2
R2_2019-10-07_21-30-54_183.jpg,2
R2_2019-10-07_21-34-37_163.jpg,2
R2_2019-10-07_21-32-24_117.jpg,2
L4_2019-10-07_21-34-31_111.jpg,4
S3_2019-10-07_21-34-33_130.jpg,3
L4_2019-10-07_21-30-36_37.jpg,4
S3_2019-10-07_21-32-12_13.jpg,3
L4_2019-10-07_21-32-55_26.jpg,4
S3_2019-10-07_21-32-20_79.jpg,3
S3_2019-10-07_21-32-12_14.jpg,3
S3_2019-10-07_21-32-23_106.jpg,3
S3_2019-10-07_21-30-38_51.jpg,3
R2_2019-10-07_21-31-34_163.jpg,2
L4_2019-10-07_21-30-37_42.jpg,4
L4_2019-10-07_21-34-20_25.jpg,4
S3_2019-10-07_21-31-16_11.jpg,3
S3_2019-10-07_21-34-32_123.jpg,3
S3_2019-10-07_21-31-16_10.jpg,3
S3_2019-10-07_21-33-48_109.jpg,3
R2_2019-10-07_21-30-52_173.jpg,2
R2_2019-10-07_21-30-52_166.jpg,2
L4_2019-10-07_21-31-25_83.jpg,4
S3_2019-10-07_21-31-31_132.jpg,3
S3_2019-10-07_21-33-42_64.jpg,3
S3_2019-10-07_21-31-31_135.jpg,3
S3_2019-10-07_21-32-21_92.jpg,3
L4_2019-10-07_21-32-59_59.jpg,4
R2_2019-10-07_21-33-47_104.jpg,2
L4_2019-10-07_21-31-18_30.jpg,4
S3_2019-10-07_21-30-45_111.jpg,3
R2_2019-10-07_21-33-05_106.jpg,2
S3_2019-10-07_21-33-43_67.jpg,3
S3_2019-10-07_21-31-59_1.jpg,3
S3_2019-10-07_21-34-22_39.jpg,3
R2_2019-10-07_21-32-30_164.jpg,2
S3_2019-10-07_21-32-30_161.jpg,3
S3_2019-10-07_21-33-43_65.jpg,3
R2_2019-10-07_21-34-35_148.jpg,2
S3_2019-10-07_21-34-33_127.jpg,3
S3_2019-10-07_21-33-06_113.jpg,3
S3_2019-10-07_21-32-22_98.jpg,3
L4_2019-10-07_21-30-40_67.jpg,4
L4_2019-10-07_21-32-14_31.jpg,4
L4_2019-10-07_21-30-39_58.jpg,4
S3_2019-10-07_21-33-02_82.jpg,3
S3_2019-10-07_21-30-49_142.jpg,3
S3_2019-10-07_21-30-50_151.jpg,3
S3_2019-10-07_21-31-30_124.jpg,3
L4_2019-10-07_21-34-30_107.jpg,4
R2_2019-10-07_21-33-09_136.jpg,2
S3_2019-10-07_21-34-27_84.jpg,3
S3_2019-10-07_21-32-00_9.jpg,3
R2_2019-10-07_21-33-10_147.jpg,2
R2_2019-10-07_21-33-47_100.jpg,2
S3_2019-10-07_21-32-19_76.jpg,3
S3_2019-10-07_21-30-46_118.jpg,3
S3_2019-10-07_21-31-33_152.jpg,3
L4_2019-10-07_21-33-37_21.jpg,4
L4_2019-10-07_21-30-36_39.jpg,4
S3_2019-10-07_21-30-45_109.jpg,3
S3_2019-10-07_21-33-11_157.jpg,3
R2_2019-10-07_21-30-53_180.jpg,2
S3_2019-10-07_21-34-28_86.jpg,3
S3_2019-10-07_21-31-23_73.jpg,3
R2_2019-10-07_21-33-47_103.jpg,2
L4_2019-10-07_21-31-19_35.jpg,4
S3_2019-10-07_21-30-33_14.jpg,3
S3_2019-10-07_21-33-45_86.jpg,3
S3_2019-10-07_21-30-33_8.jpg,3
R2_2019-10-07_21-30-52_170.jpg,2
S3_2019-10-07_21-30-47_132.jpg,3
L4_2019-10-07_21-34-20_19.jpg,4
S3_2019-10-07_21-32-24_115.jpg,3
L4_2019-10-07_21-33-40_44.jpg,4
S3_2019-10-07_21-31-21_52.jpg,3
L4_2019-10-07_21-31-26_96.jpg,4
L4_2019-10-07_21-30-39_62.jpg,4
S3_2019-10-07_21-32-14_34.jpg,3
R2_2019-10-07_21-32-27_143.jpg,2
L4_2019-10-07_21-33-36_13.jpg,4
R2_2019-10-07_21-33-51_136.jpg,2
S3_2019-10-07_21-32-11_9.jpg,3
L4_2019-10-07_21-31-19_36.jpg,4
S3_2019-10-07_21-33-46_92.jpg,3
S3_2019-10-07_21-30-46_119.jpg,3
S3_2019-10-07_21-31-30_131.jpg,3
S3_2019-10-07_21-31-23_71.jpg,3
L4_2019-10-07_21-30-35_30.jpg,4
S3_2019-10-07_21-32-19_75.jpg,3
R2_2019-10-07_21-32-30_163.jpg,2
R2_2019-10-07_21-33-48_107.jpg,2
R2_2019-10-07_21-30-53_178.jpg,2
S3_2019-10-07_21-31-33_149.jpg,3
L4_2019-10-07_21-31-26_94.jpg,4
L4_2019-10-07_21-33-37_15.jpg,4
S3_2019-10-07_21-31-28_111.jpg,3
S3_2019-10-07_21-31-28_109.jpg,3
R2_2019-10-07_21-31-34_160.jpg,2
L4_2019-10-07_21-31-23_66.jpg,4
L4_2019-10-07_21-30-38_57.jpg,4
L4_2019-10-07_21-32-55_25.jpg,4
S3_2019-10-07_21-34-31_113.jpg,3
R2_2019-10-07_21-33-09_143.jpg,2
S3_2019-10-07_21-31-18_24.jpg,3
L4_2019-10-07_21-33-00_64.jpg,4
R2_2019-10-07_21-34-37_160.jpg,2
R2_2019-10-07_21-33-50_131.jpg,2
L4_2019-10-07_21-30-35_27.jpg,4
S3_2019-10-07_21-33-48_110.jpg,3
L4_2019-10-07_21-33-39_36.jpg,4
L4_2019-10-07_21-33-36_12.jpg,4
R2_2019-10-07_21-33-07_125.jpg,2
S3_2019-10-07_21-32-59_53.jpg,3
S3_2019-10-07_21-33-50_124.jpg,3
S3_2019-10-07_21-30-42_90.jpg,3
R2_2019-10-07_21-33-06_112.jpg,2
L4_2019-10-07_21-31-20_41.jpg,4
L4_2019-10-07_21-33-01_70.jpg,4
S3_2019-10-07_21-32-21_91.jpg,3
L4_2019-10-07_21-31-25_82.jpg,4
S3_2019-10-07_21-32-12_19.jpg,3
L4_2019-10-07_21-34-19_11.jpg,4
S3_2019-10-07_21-32-12_16.jpg,3
S3_2019-10-07_21-32-13_20.jpg,3
S3_2019-10-07_21-32-53_3.jpg,3
L4_2019-10-07_21-30-44_100.jpg,4
S3_2019-10-07_21-33-05_102.jpg,3
L4_2019-10-07_21-32-55_23.jpg,4
S3_2019-10-07_21-30-32_7.jpg,3
S3_2019-10-07_21-32-53_8.jpg,3
S3_2019-10-07_21-32-52_1.jpg,3
L4_2019-10-07_21-31-25_86.jpg,4
L4_2019-10-07_21-33-36_11.jpg,4
R2_2019-10-07_21-31-34_162.jpg,2
S3_2019-10-07_21-30-32_1.jpg,3
R2_2019-10-07_21-30-51_165.jpg,2
S3_2019-10-07_21-34-32_122.jpg,3
L4_2019-10-07_21-33-44_76.jpg,4
L4_2019-10-07_21-34-19_12.jpg,4
S3_2019-10-07_21-33-48_111.jpg,3
L4_2019-10-07_21-34-30_109.jpg,4
S3_2019-10-07_21-33-02_77.jpg,3
L4_2019-10-07_21-31-25_84.jpg,4
R2_2019-10-07_21-34-36_158.jpg,2
L4_2019-10-07_21-34-20_20.jpg,4
L4_2019-10-07_21-31-18_28.jpg,4
L4_2019-10-07_21-30-35_31.jpg,4
S3_2019-10-07_21-30-48_136.jpg,3
S3_2019-10-07_21-32-15_43.jpg,3
S3_2019-10-07_21-30-33_11.jpg,3
S3_2019-10-07_21-31-23_70.jpg,3
L4_2019-10-07_21-34-30_106.jpg,4
S3_2019-10-07_21-31-31_137.jpg,3
R2_2019-10-07_21-34-35_147.jpg,2
S3_2019-10-07_21-33-45_88.jpg,3
S3_2019-10-07_21-31-26_97.jpg,3
R2_2019-10-07_21-31-36_179.jpg,2
L4_2019-10-07_21-34-26_71.jpg,4
S3_2019-10-07_21-32-26_135.jpg,3
S3_2019-10-07_21-32-11_6.jpg,3
S3_2019-10-07_21-33-50_128.jpg,3
S3_2019-10-07_21-33-45_87.jpg,3
S3_2019-10-07_21-31-33_153.jpg,3
S3_2019-10-07_21-33-46_94.jpg,3
R2_2019-10-07_21-32-26_130.jpg,2
L4_2019-10-07_21-31-19_37.jpg,4
S3_2019-10-07_21-32-13_21.jpg,3
S3_2019-10-07_21-30-33_15.jpg,3
S3_2019-10-07_21-31-15_3.jpg,3
L4_2019-10-07_21-32-57_38.jpg,4
S3_2019-10-07_21-33-45_89.jpg,3
L4_2019-10-07_21-33-39_35.jpg,4
S3_2019-10-07_21-34-28_85.jpg,3
S3_2019-10-07_21-32-00_12.jpg,3
L4_2019-10-07_21-34-19_10.jpg,4
R2_2019-10-07_21-33-05_108.jpg,2
R2_2019-10-07_21-33-08_131.jpg,2
S3_2019-10-07_21-32-22_97.jpg,3
S3_2019-10-07_21-33-43_69.jpg,3
R2_2019-10-07_21-34-36_159.jpg,2
S3_2019-10-07_21-33-38_24.jpg,3
L4_2019-10-07_21-34-18_9.jpg,4
L4_2019-10-07_21-33-37_18.jpg,4
L4_2019-10-07_21-34-27_77.jpg,4
R2_2019-10-07_21-30-52_167.jpg,2
L4_2019-10-07_21-34-20_24.jpg,4
S3_2019-10-07_21-33-35_2.jpg,3
R2_2019-10-07_21-34-37_167.jpg,2
S3_2019-10-07_21-32-23_103.jpg,3
S3_2019-10-07_21-32-00_13.jpg,3
S3_2019-10-07_21-33-37_23.jpg,3
S3_2019-10-07_21-34-18_4.jpg,3
S3_2019-10-07_21-31-28_112.jpg,3
S3_2019-10-07_21-32-11_4.jpg,3
L4_2019-10-07_21-33-00_68.jpg,4
S3_2019-10-07_21-32-58_44.jpg,3
R2_2019-10-07_21-33-08_127.jpg,2
R2_2019-10-07_21-30-51_160.jpg,2
S3_2019-10-07_21-32-16_49.jpg,3
S3_2019-10-07_21-31-29_120.jpg,3
L4_2019-10-07_21-30-40_69.jpg,4
L4_2019-10-07_21-31-24_80.jpg,4
S3_2019-10-07_21-33-46_98.jpg,3
S3_2019-10-07_21-32-59_52.jpg,3
R2_2019-10-07_21-34-36_154.jpg,2
S3_2019-10-07_21-32-24_111.jpg,3
S3_2019-10-07_21-33-43_71.jpg,3
L4_2019-10-07_21-33-40_42.jpg,4
R2_2019-10-07_21-33-52_145.jpg,2
R2_2019-10-07_21-33-12_162.jpg,2
S3_2019-10-07_21-30-45_112.jpg,3
R2_2019-10-07_21-32-28_149.jpg,2
L4_2019-10-07_21-32-55_22.jpg,4
S3_2019-10-07_21-31-33_151.jpg,3
L4_2019-10-07_21-30-44_103.jpg,4
L4_2019-10-07_21-30-36_35.jpg,4
S3_2019-10-07_21-31-17_23.jpg,3
S3_2019-10-07_21-32-58_51.jpg,3
S3_2019-10-07_21-32-01_17.jpg,3
S3_2019-10-07_21-30-42_88.jpg,3
S3_2019-10-07_21-31-15_6.jpg,3
S3_2019-10-07_21-32-11_7.jpg,3
S3_2019-10-07_21-30-48_133.jpg,3
L4_2019-10-07_21-34-23_45.jpg,4
S3_2019-10-07_21-31-33_154.jpg,3
S3_2019-10-07_21-32-00_10.jpg,3
S3_2019-10-07_21-34-31_117.jpg,3
R2_2019-10-07_21-32-25_122.jpg,2
S3_2019-10-07_21-32-22_102.jpg,3
R2_2019-10-07_21-33-54_159.jpg,2
S3_2019-10-07_21-32-23_107.jpg,3
S3_2019-10-07_21-30-46_117.jpg,3
S3_2019-10-07_21-32-23_109.jpg,3
S3_2019-10-07_21-32-20_85.jpg,3
S3_2019-10-07_21-33-02_79.jpg,3
S3_2019-10-07_21-30-47_124.jpg,3
L4_2019-10-07_21-34-18_8.jpg,4
R2_2019-10-07_21-31-37_182.jpg,2
R2_2019-10-07_21-33-09_137.jpg,2
L4_2019-10-07_21-30-35_29.jpg,4
S3_2019-10-07_21-32-54_11.jpg,3
R2_2019-10-07_21-30-54_187.jpg,2
S3_2019-10-07_21-33-41_56.jpg,3
S3_2019-10-07_21-32-55_20.jpg,3
L4_2019-10-07_21-31-18_29.jpg,4
L4_2019-10-07_21-32-56_31.jpg,4
L4_2019-10-07_21-30-34_21.jpg,4
L4_2019-10-07_21-33-37_20.jpg,4
L4_2019-10-07_21-32-57_43.jpg,4
S3_2019-10-07_21-33-41_53.jpg,3
L4_2019-10-07_21-31-24_76.jpg,4
L4_2019-10-07_21-33-42_60.jpg,4
L4_2019-10-07_21-34-27_79.jpg,4
S3_2019-10-07_21-33-38_27.jpg,3
R2_2019-10-07_21-31-34_165.jpg,2
R2_2019-10-07_21-33-11_154.jpg,2
S3_2019-10-07_21-32-29_160.jpg,3
R2_2019-10-07_21-34-35_149.jpg,2
R2_2019-10-07_21-33-11_153.jpg,2
L4_2019-10-07_21-32-18_65.jpg,4
L4_2019-10-07_21-32-18_67.jpg,4
R2_2019-10-07_21-33-10_146.jpg,2
L4_2019-10-07_21-30-41_75.jpg,4
S3_2019-10-07_21-33-01_75.jpg,3
S3_2019-10-07_21-30-48_134.jpg,3
L4_2019-10-07_21-30-35_25.jpg,4
L4_2019-10-07_21-33-01_69.jpg,4
S3_2019-10-07_21-31-29_118.jpg,3
S3_2019-10-07_21-32-00_6.jpg,3
S3_2019-10-07_21-34-29_99.jpg,3
R2_2019-10-07_21-30-51_159.jpg,2
S3_2019-10-07_21-32-20_80.jpg,3
S3_2019-10-07_21-31-31_133.jpg,3
S3_2019-10-07_21-33-11_159.jpg,3
L4_2019-10-07_21-32-56_30.jpg,4
S3_2019-10-07_21-32-55_19.jpg,3
R2_2019-10-07_21-34-36_157.jpg,2
S3_2019-10-07_21-32-15_38.jpg,3
R2_2019-10-07_21-31-34_158.jpg,2
R2_2019-10-07_21-33-10_151.jpg,2
L4_2019-10-07_21-32-16_52.jpg,4
R2_2019-10-07_21-34-36_153.jpg,2
L4_2019-10-07_21-30-44_101.jpg,4
S3_2019-10-07_21-30-48_140.jpg,3
L4_2019-10-07_21-32-18_66.jpg,4
S3_2019-10-07_21-32-01_16.jpg,3
L4_2019-10-07_21-34-23_46.jpg,4
L4_2019-10-07_21-32-17_55.jpg,4
R2_2019-10-07_21-33-52_147.jpg,2
L4_2019-10-07_21-32-56_35.jpg,4
R2_2019-10-07_21-33-51_132.jpg,2
L4_2019-10-07_21-33-01_71.jpg,4
L4_2019-10-07_21-30-34_22.jpg,4
S3_2019-10-07_21-30-33_10.jpg,3
L4_2019-10-07_21-30-35_24.jpg,4
S3_2019-10-07_21-33-42_57.jpg,3
L4_2019-10-07_21-32-13_27.jpg,4
R2_2019-10-07_21-33-54_157.jpg,2
S3_2019-10-07_21-30-42_84.jpg,3
S3_2019-10-07_21-33-03_86.jpg,3
L4_2019-10-07_21-30-39_59.jpg,4
S3_2019-10-07_21-32-22_101.jpg,3
S3_2019-10-07_21-32-22_100.jpg,3
S3_2019-10-07_21-33-38_25.jpg,3
R2_2019-10-07_21-33-09_140.jpg,2
R2_2019-10-07_21-33-49_118.jpg,2
L4_2019-10-07_21-34-30_105.jpg,4
S3_2019-10-07_21-30-46_123.jpg,3
R2_2019-10-07_21-33-06_111.jpg,2
L4_2019-10-07_21-34-21_29.jpg,4
S3_2019-10-07_21-31-17_17.jpg,3
L4_2019-10-07_21-32-17_59.jpg,4
S3_2019-10-07_21-33-35_5.jpg,3
R2_2019-10-07_21-32-28_151.jpg,2
S3_2019-10-07_21-33-04_97.jpg,3
R2_2019-10-07_21-31-35_169.jpg,2
R2_2019-10-07_21-33-51_135.jpg,2
S3_2019-10-07_21-32-23_108.jpg,3
R2_2019-10-07_21-32-25_124.jpg,2
S3_2019-10-07_21-32-10_1.jpg,3
S3_2019-10-07_21-34-33_134.jpg,3
S3_2019-10-07_21-30-32_2.jpg,3
S3_2019-10-07_21-31-27_106.jpg,3
S3_2019-10-07_21-30-42_86.jpg,3
S3_2019-10-07_21-32-22_96.jpg,3
S3_2019-10-07_21-32-58_49.jpg,3
S3_2019-10-07_21-30-32_4.jpg,3
S3_2019-10-07_21-32-12_17.jpg,3
L4_2019-10-07_21-30-41_74.jpg,4
S3_2019-10-07_21-32-54_17.jpg,3
R2_2019-10-07_21-34-35_145.jpg,2
L4_2019-10-07_21-31-19_33.jpg,4
L4_2019-10-07_21-30-39_63.jpg,4
S3_2019-10-07_21-32-59_56.jpg,3
S3_2019-10-07_21-32-15_42.jpg,3
S3_2019-10-07_21-34-25_60.jpg,3
S3_2019-10-07_21-33-06_115.jpg,3
S3_2019-10-07_21-30-47_127.jpg,3
S3_2019-10-07_21-33-38_26.jpg,3
L4_2019-10-07_21-30-40_66.jpg,4
S3_2019-10-07_21-33-07_122.jpg,3
R2_2019-10-07_21-33-08_130.jpg,2
S3_2019-10-07_21-34-25_62.jpg,3
S3_2019-10-07_21-31-29_116.jpg,3
S3_2019-10-07_21-30-41_82.jpg,3
S3_2019-10-07_21-32-00_14.jpg,3
S3_2019-10-07_21-31-32_147.jpg,3
S3_2019-10-07_21-32-12_18.jpg,3
R2_2019-10-07_21-33-47_106.jpg,2
R2_2019-10-07_21-33-49_120.jpg,2
L4_2019-10-07_21-32-17_57.jpg,4
L4_2019-10-07_21-32-18_61.jpg,4
R2_2019-10-07_21-30-51_163.jpg,2
S3_2019-10-07_21-31-59_0.jpg,3
L4_2019-10-07_21-32-56_32.jpg,4
S3_2019-10-07_21-34-17_0.jpg,3
S3_2019-10-07_21-33-38_29.jpg,3
R2_2019-10-07_21-33-52_146.jpg,2
S3_2019-10-07_21-31-29_119.jpg,3
L4_2019-10-07_21-34-24_51.jpg,4
L4_2019-10-07_21-34-23_43.jpg,4
S3_2019-10-07_21-30-34_18.jpg,3
S3_2019-10-07_21-34-29_97.jpg,3
L4_2019-10-07_21-31-20_46.jpg,4
S3_2019-10-07_21-30-33_9.jpg,3
S3_2019-10-07_21-32-16_45.jpg,3
L4_2019-10-07_21-33-40_43.jpg,4
L4_2019-10-07_21-32-57_36.jpg,4
S3_2019-10-07_21-30-38_53.jpg,3
S3_2019-10-07_21-31-31_134.jpg,3
R2_2019-10-07_21-33-52_140.jpg,2
L4_2019-10-07_21-32-19_70.jpg,4
S3_2019-10-07_21-32-00_7.jpg,3
L4_2019-10-07_21-30-40_73.jpg,4
S3_2019-10-07_21-34-28_92.jpg,3
S3_2019-10-07_21-30-45_115.jpg,3
S3_2019-10-07_21-32-54_13.jpg,3
L4_2019-10-07_21-34-24_57.jpg,4
R2_2019-10-07_21-32-26_134.jpg,2
S3_2019-10-07_21-32-15_39.jpg,3
S3_2019-10-07_21-33-35_1.jpg,3
S3_2019-10-07_21-31-28_115.jpg,3
S3_2019-10-07_21-30-47_126.jpg,3
R2_2019-10-07_21-32-26_129.jpg,2
S3_2019-10-07_21-33-03_93.jpg,3
S3_2019-10-07_21-34-22_37.jpg,3
S3_2019-10-07_21-34-25_67.jpg,3
L4_2019-10-07_21-32-14_28.jpg,4
L4_2019-10-07_21-30-43_97.jpg,4
L4_2019-10-07_21-30-36_38.jpg,4
S3_2019-10-07_21-34-31_116.jpg,3
S3_2019-10-07_21-32-53_7.jpg,3
R2_2019-10-07_21-30-54_188.jpg,2
L4_2019-10-07_21-34-24_53.jpg,4
L4_2019-10-07_21-31-24_81.jpg,4
S3_2019-10-07_21-32-54_14.jpg,3
L4_2019-10-07_21-32-57_41.jpg,4
S3_2019-10-07_21-32-10_2.jpg,3
S3_2019-10-07_21-32-27_137.jpg,3
S3_2019-10-07_21-33-01_74.jpg,3
S3_2019-10-07_21-33-48_112.jpg,3
L4_2019-10-07_21-34-23_47.jpg,4
S3_2019-10-07_21-34-31_112.jpg,3
R2_2019-10-07_21-33-08_135.jpg,2
L4_2019-10-07_21-31-22_58.jpg,4
R2_2019-10-07_21-33-12_164.jpg,2
S3_2019-10-07_21-31-20_47.jpg,3
R2_2019-10-07_21-33-10_144.jpg,2
L4_2019-10-07_21-32-57_39.jpg,4
L4_2019-10-07_21-31-19_39.jpg,4
L4_2019-10-07_21-31-19_34.jpg,4
L4_2019-10-07_21-33-39_39.jpg,4
R2_2019-10-07_21-34-35_146.jpg,2
L4_2019-10-07_21-33-00_67.jpg,4
R2_2019-10-07_21-33-53_150.jpg,2
S3_2019-10-07_21-31-31_138.jpg,3
L4_2019-10-07_21-30-36_34.jpg,4
S3_2019-10-07_21-31-32_141.jpg,3
L4_2019-10-07_21-30-41_80.jpg,4
S3_2019-10-07_21-31-17_18.jpg,3
S3_2019-10-07_21-32-15_41.jpg,3
S3_2019-10-07_21-31-30_130.jpg,3
R2_2019-10-07_21-32-25_121.jpg,2
S3_2019-10-07_21-33-04_96.jpg,3
S3_2019-10-07_21-32-21_87.jpg,3
R2_2019-10-07_21-30-54_185.jpg,2
S3_2019-10-07_21-33-04_100.jpg,3
L4_2019-10-07_21-34-26_74.jpg,4
S3_2019-10-07_21-30-50_149.jpg,3
S3_2019-10-07_21-32-22_95.jpg,3
R2_2019-10-07_21-33-09_139.jpg,2
L4_2019-10-07_21-31-16_15.jpg,4
L4_2019-10-07_21-34-26_73.jpg,4
R2_2019-10-07_21-32-28_148.jpg,2
S3_2019-10-07_21-32-21_88.jpg,3
L4_2019-10-07_21-30-36_40.jpg,4
S3_2019-10-07_21-31-17_22.jpg,3
L4_2019-10-07_21-34-21_27.jpg,4
R2_2019-10-07_21-30-52_171.jpg,2
S3_2019-10-07_21-33-02_84.jpg,3
L4_2019-10-07_21-30-39_64.jpg,4
L4_2019-10-07_21-30-43_96.jpg,4
R2_2019-10-07_21-32-28_146.jpg,2
S3_2019-10-07_21-33-36_9.jpg,3
S3_2019-10-07_21-30-38_54.jpg,3
S3_2019-10-07_21-34-33_131.jpg,3
L4_2019-10-07_21-33-00_62.jpg,4
L4_2019-10-07_21-32-59_60.jpg,4
S3_2019-10-07_21-31-32_146.jpg,3
S3_2019-10-07_21-30-37_46.jpg,3
S3_2019-10-07_21-32-12_11.jpg,3
L4_2019-10-07_21-34-19_15.jpg,4
S3_2019-10-07_21-33-49_115.jpg,3
L4_2019-10-07_21-31-17_16.jpg,4
S3_2019-10-07_21-31-28_107.jpg,3
S3_2019-10-07_21-32-23_104.jpg,3
L4_2019-10-07_21-32-57_37.jpg,4
R2_2019-10-07_21-33-49_117.jpg,2
S3_2019-10-07_21-34-26_68.jpg,3
S3_2019-10-07_21-30-49_147.jpg,3
S3_2019-10-07_21-30-47_128.jpg,3
R2_2019-10-07_21-32-26_128.jpg,2
S3_2019-10-07_21-30-48_139.jpg,3
S3_2019-10-07_21-32-29_158.jpg,3
R2_2019-10-07_21-34-37_166.jpg,2
S3_2019-10-07_21-32-16_48.jpg,3
R2_2019-10-07_21-33-10_149.jpg,2
S3_2019-10-07_21-30-45_108.jpg,3
R2_2019-10-07_21-33-10_150.jpg,2
S3_2019-10-07_21-30-45_113.jpg,3
L4_2019-10-07_21-32-17_56.jpg,4
R2_2019-10-07_21-30-53_176.jpg,2
L4_2019-10-07_21-31-22_60.jpg,4
S3_2019-10-07_21-31-32_148.jpg,3
S3_2019-10-07_21-34-32_119.jpg,3
S3_2019-10-07_21-34-25_65.jpg,3
R2_2019-10-07_21-30-53_182.jpg,2
S3_2019-10-07_21-32-58_50.jpg,3
S3_2019-10-07_21-32-23_105.jpg,3
S3_2019-10-07_21-34-31_115.jpg,3
S3_2019-10-07_21-34-34_136.jpg,3
L4_2019-10-07_21-33-39_34.jpg,4
R2_2019-10-07_21-30-54_186.jpg,2
L4_2019-10-07_21-32-56_29.jpg,4
S3_2019-10-07_21-33-41_50.jpg,3
S3_2019-10-07_21-30-49_148.jpg,3
S3_2019-10-07_21-30-51_158.jpg,3
S3_2019-10-07_21-31-28_114.jpg,3
R2_2019-10-07_21-33-11_152.jpg,2
S3_2019-10-07_21-33-06_114.jpg,3
S3_2019-10-07_21-32-58_45.jpg,3
S3_2019-10-07_21-32-13_23.jpg,3
S3_2019-10-07_21-30-38_50.jpg,3
S3_2019-10-07_21-32-53_6.jpg,3
L4_2019-10-07_21-32-18_63.jpg,4
L4_2019-10-07_21-30-38_55.jpg,4
S3_2019-10-07_21-30-37_44.jpg,3
S3_2019-10-07_21-33-43_70.jpg,3
S3_2019-10-07_21-32-22_99.jpg,3
L4_2019-10-07_21-34-26_70.jpg,4
R2_2019-10-07_21-33-47_102.jpg,2
L4_2019-10-07_21-31-25_88.jpg,4
S3_2019-10-07_21-34-25_66.jpg,3
L4_2019-10-07_21-31-21_56.jpg,4
L4_2019-10-07_21-32-18_64.jpg,4
S3_2019-10-07_21-31-31_136.jpg,3
S3_2019-10-07_21-34-33_132.jpg,3
L4_2019-10-07_21-30-40_70.jpg,4
S3_2019-10-07_21-32-54_12.jpg,3
L4_2019-10-07_21-30-39_61.jpg,4
L4_2019-10-07_21-34-31_110.jpg,4
S3_2019-10-07_21-33-44_80.jpg,3
S3_2019-10-07_21-34-30_104.jpg,3
L4_2019-10-07_21-33-36_10.jpg,4
R2_2019-10-07_21-31-36_176.jpg,2
R2_2019-10-07_21-31-34_164.jpg,2
L4_2019-10-07_21-31-22_62.jpg,4
L4_2019-10-07_21-34-26_69.jpg,4
S3_2019-10-07_21-31-59_2.jpg,3
L4_2019-10-07_21-33-38_30.jpg,4
L4_2019-10-07_21-32-57_42.jpg,4
S3_2019-10-07_21-31-59_3.jpg,3
L4_2019-10-07_21-30-37_41.jpg,4
R2_2019-10-07_21-33-52_144.jpg,2
L4_2019-10-07_21-34-24_56.jpg,4
S3_2019-10-07_21-30-37_43.jpg,3
S3_2019-10-07_21-34-22_42.jpg,3
S3_2019-10-07_21-33-45_85.jpg,3
R2_2019-10-07_21-32-29_157.jpg,2
S3_2019-10-07_21-33-03_87.jpg,3
S3_2019-10-07_21-31-18_25.jpg,3
S3_2019-10-07_21-33-43_73.jpg,3
L4_2019-10-07_21-30-41_81.jpg,4
L4_2019-10-07_21-33-37_19.jpg,4
R2_2019-10-07_21-33-07_126.jpg,2
L4_2019-10-07_21-30-44_99.jpg,4
S3_2019-10-07_21-31-18_27.jpg,3
L4_2019-10-07_21-34-26_75.jpg,4
R2_2019-10-07_21-33-09_138.jpg,2
S3_2019-10-07_21-32-21_94.jpg,3
R2_2019-10-07_21-32-26_131.jpg,2
R2_2019-10-07_21-32-28_152.jpg,2
R2_2019-10-07_21-33-52_141.jpg,2
S3_2019-10-07_21-34-28_91.jpg,3
L4_2019-10-07_21-34-19_13.jpg,4
S3_2019-10-07_21-31-27_104.jpg,3
S3_2019-10-07_21-32-20_82.jpg,3
S3_2019-10-07_21-32-20_78.jpg,3
S3_2019-10-07_21-31-26_98.jpg,3
S3_2019-10-07_21-30-49_144.jpg,3
L4_2019-10-07_21-33-40_45.jpg,4
R2_2019-10-07_21-33-51_137.jpg,2
S3_2019-10-07_21-31-29_122.jpg,3
S3_2019-10-07_21-33-35_6.jpg,3
S3_2019-10-07_21-30-33_13.jpg,3
L4_2019-10-07_21-30-41_77.jpg,4
S3_2019-10-07_21-30-37_45.jpg,3
S3_2019-10-07_21-31-15_1.jpg,3
S3_2019-10-07_21-33-50_125.jpg,3
R2_2019-10-07_21-33-53_155.jpg,2
R2_2019-10-07_21-32-25_126.jpg,2
L4_2019-10-07_21-32-13_25.jpg,4
R2_2019-10-07_21-32-25_125.jpg,2
S3_2019-10-07_21-33-41_51.jpg,3
S3_2019-10-07_21-31-30_129.jpg,3
S3_2019-10-07_21-30-49_145.jpg,3
S3_2019-10-07_21-33-06_118.jpg,3
S3_2019-10-07_21-34-28_87.jpg,3
S3_2019-10-07_21-32-19_77.jpg,3
S3_2019-10-07_21-33-01_76.jpg,3
L4_2019-10-07_21-33-39_37.jpg,4
S3_2019-10-07_21-34-33_128.jpg,3
R2_2019-10-07_21-32-24_118.jpg,2
S3_2019-10-07_21-34-25_63.jpg,3
L4_2019-10-07_21-30-43_98.jpg,4
L4_2019-10-07_21-30-40_68.jpg,4
S3_2019-10-07_21-31-21_50.jpg,3
L4_2019-10-07_21-32-56_34.jpg,4
L4_2019-10-07_21-30-40_72.jpg,4
S3_2019-10-07_21-33-02_80.jpg,3
L4_2019-10-07_21-30-41_79.jpg,4
R2_2019-10-07_21-33-05_104.jpg,2
L4_2019-10-07_21-33-40_41.jpg,4
S3_2019-10-07_21-34-18_2.jpg,3
R2_2019-10-07_21-33-10_148.jpg,2
R2_2019-10-07_21-33-52_142.jpg,2
S3_2019-10-07_21-32-27_136.jpg,3
S3_2019-10-07_21-34-22_40.jpg,3
S3_2019-10-07_21-34-22_36.jpg,3
S3_2019-10-07_21-31-29_117.jpg,3
L4_2019-10-07_21-30-36_36.jpg,4
R2_2019-10-07_21-32-28_145.jpg,2
S3_2019-10-07_21-33-41_55.jpg,3
L4_2019-10-07_21-32-14_30.jpg,4
R2_2019-10-07_21-30-51_164.jpg,2
R2_2019-10-07_21-33-53_153.jpg,2
S3_2019-10-07_21-30-49_143.jpg,3
L4_2019-10-07_21-32-55_24.jpg,4
R2_2019-10-07_21-34-37_165.jpg,2
S3_2019-10-07_21-32-21_90.jpg,3
S3_2019-10-07_21-32-11_8.jpg,3
R2_2019-10-07_21-34-36_151.jpg,2
S3_2019-10-07_21-32-24_116.jpg,3
S3_2019-10-07_21-33-43_66.jpg,3
L4_2019-10-07_21-33-00_63.jpg,4
S3_2019-10-07_21-33-46_91.jpg,3
S3_2019-10-07_21-33-03_91.jpg,3
L4_2019-10-07_21-32-17_60.jpg,4
S3_2019-10-07_21-33-06_117.jpg,3
S3_2019-10-07_21-31-21_53.jpg,3
S3_2019-10-07_21-33-07_121.jpg,3
L4_2019-10-07_21-32-14_32.jpg,4
S3_2019-10-07_21-32-11_10.jpg,3
L4_2019-10-07_21-31-24_79.jpg,4
R2_2019-10-07_21-31-35_166.jpg,2
L4_2019-10-07_21-32-18_69.jpg,4
L4_2019-10-07_21-34-24_55.jpg,4
S3_2019-10-07_21-33-42_63.jpg,3
R2_2019-10-07_21-31-36_180.jpg,2
S3_2019-10-07_21-33-02_78.jpg,3
S3_2019-10-07_21-33-11_158.jpg,3
L4_2019-10-07_21-33-37_16.jpg,4
S3_2019-10-07_21-31-16_8.jpg,3
S3_2019-10-07_21-30-46_122.jpg,3
L4_2019-10-07_21-33-38_31.jpg,4
S3_2019-10-07_21-30-49_146.jpg,3
L4_2019-10-07_21-33-44_78.jpg,4
R2_2019-10-07_21-33-08_129.jpg,2
L4_2019-10-07_21-32-16_50.jpg,4
S3_2019-10-07_21-32-24_112.jpg,3
R2_2019-10-07_21-34-37_162.jpg,2
S3_2019-10-07_21-32-21_93.jpg,3
R2_2019-10-07_21-34-36_156.jpg,2
L4_2019-10-07_21-33-37_17.jpg,4
S3_2019-10-07_21-30-48_135.jpg,3
L4_2019-10-07_21-30-34_23.jpg,4
L4_2019-10-07_21-31-18_31.jpg,4
R2_2019-10-07_21-33-47_105.jpg,2
S3_2019-10-07_21-32-16_47.jpg,3
S3_2019-10-07_21-33-45_84.jpg,3
S3_2019-10-07_21-32-15_36.jpg,3
L4_2019-10-07_21-31-16_14.jpg,4
S3_2019-10-07_21-33-43_68.jpg,3
S3_2019-10-07_21-33-04_94.jpg,3
S3_2019-10-07_21-32-14_35.jpg,3
R2_2019-10-07_21-30-53_174.jpg,2
S3_2019-10-07_21-31-21_49.jpg,3
S3_2019-10-07_21-33-50_126.jpg,3
S3_2019-10-07_21-32-15_37.jpg,3
S3_2019-10-07_21-32-20_81.jpg,3
S3_2019-10-07_21-33-07_119.jpg,3
S3_2019-10-07_21-32-58_46.jpg,3
R2_2019-10-07_21-31-35_167.jpg,2
L4_2019-10-07_21-31-20_45.jpg,4
L4_2019-10-07_21-34-24_52.jpg,4
R2_2019-10-07_21-32-29_155.jpg,2
R2_2019-10-07_21-34-36_152.jpg,2
S3_2019-10-07_21-33-37_22.jpg,3
S3_2019-10-07_21-34-28_90.jpg,3
R2_2019-10-07_21-30-54_189.jpg,2
R2_2019-10-07_21-33-08_133.jpg,2
S3_2019-10-07_21-34-34_135.jpg,3
R2_2019-10-07_21-31-34_157.jpg,2
