L3_2019-10-03_13-36-54_0.jpg,3
L3_2019-10-03_13-37-00_1.jpg,3
S2_2019-10-03_13-37-07_2.jpg,2
R1_2019-10-03_13-37-13_3.jpg,1
R1_2019-10-03_13-37-19_4.jpg,1
S2_2019-10-03_13-37-24_5.jpg,2
R1_2019-10-03_13-37-35_6.jpg,1
S2_2019-10-03_13-37-39_7.jpg,2
L3_2019-10-03_13-37-42_8.jpg,3
S2_2019-10-03_13-37-49_9.jpg,2
L3_2019-10-03_13-37-51_10.jpg,3
R1_2019-10-03_13-37-54_11.jpg,1
S2_2019-10-03_13-38-01_12.jpg,2
S2_2019-10-03_13-38-06_13.jpg,2
L3_2019-10-03_13-38-08_14.jpg,3
R1_2019-10-03_13-38-14_15.jpg,1
L3_2019-10-03_13-38-21_16.jpg,3
S2_2019-10-03_13-38-30_17.jpg,2
S2_2019-10-03_13-38-41_18.jpg,2
L3_2019-10-03_13-38-43_19.jpg,3
S2_2019-10-03_13-38-47_20.jpg,2
R1_2019-10-03_13-38-50_21.jpg,1
S2_2019-10-03_13-38-56_22.jpg,2
R1_2019-10-03_13-38-59_23.jpg,1
R1_2019-10-03_13-39-04_24.jpg,1
L3_2019-10-03_13-39-06_25.jpg,3
S2_2019-10-03_13-39-12_26.jpg,2
S2_2019-10-03_13-39-15_27.jpg,2
L3_2019-10-03_13-39-19_28.jpg,3
R1_2019-10-03_13-39-23_29.jpg,1
S2_2019-10-03_13-39-26_30.jpg,2
S2_2019-10-03_13-39-38_31.jpg,2
S2_2019-10-03_13-39-41_32.jpg,2
R1_2019-10-03_13-39-44_33.jpg,1
L3_2019-10-03_13-39-47_34.jpg,3
S2_2019-10-03_13-39-50_35.jpg,2
L3_2019-10-03_13-39-52_36.jpg,3
S2_2019-10-03_13-39-56_37.jpg,2
R1_2019-10-03_13-40-01_38.jpg,1
L3_2019-10-03_13-40-04_39.jpg,3
S2_2019-10-03_13-40-09_40.jpg,2
S2_2019-10-03_13-40-13_41.jpg,2
R1_2019-10-03_13-40-15_42.jpg,1
L3_2019-10-03_13-40-20_43.jpg,3
L3_2019-10-03_13-40-22_44.jpg,3
S2_2019-10-03_13-40-25_45.jpg,2
S2_2019-10-03_13-40-33_46.jpg,2
S2_2019-10-03_13-40-37_47.jpg,2
S2_2019-10-03_13-40-39_48.jpg,2
L3_2019-10-03_13-40-43_49.jpg,3
L3_2019-10-03_13-40-46_50.jpg,3
S2_2019-10-03_13-40-49_51.jpg,2
S2_2019-10-03_13-40-51_52.jpg,2
R1_2019-10-03_13-40-57_53.jpg,1
S2_2019-10-03_13-41-01_54.jpg,2
L3_2019-10-03_13-41-08_55.jpg,3
S2_2019-10-03_13-41-13_56.jpg,2
R1_2019-10-03_13-41-15_57.jpg,1
R1_2019-10-03_13-41-17_58.jpg,1
R1_2019-10-03_13-41-20_59.jpg,1
R1_2019-10-03_13-41-27_60.jpg,1
S2_2019-10-03_13-41-30_61.jpg,2
L3_2019-10-03_13-41-33_62.jpg,3
R1_2019-10-03_13-41-37_63.jpg,1
R1_2019-10-03_13-41-41_64.jpg,1
dc_R1_2019-10-03_13-37-13_3.jpg,3
dc_R1_2019-10-03_13-37-19_4.jpg,3
dc_R1_2019-10-03_13-37-35_6.jpg,3
dc_R1_2019-10-03_13-37-54_11.jpg,3
dc_R1_2019-10-03_13-38-14_15.jpg,3
dc_R1_2019-10-03_13-38-50_21.jpg,3
dc_R1_2019-10-03_13-38-59_23.jpg,3
dc_R1_2019-10-03_13-39-04_24.jpg,3
dc_R1_2019-10-03_13-39-23_29.jpg,3
dc_R1_2019-10-03_13-39-44_33.jpg,3
dc_R1_2019-10-03_13-40-01_38.jpg,3
dc_R1_2019-10-03_13-40-15_42.jpg,3
dc_R1_2019-10-03_13-40-57_53.jpg,3
dc_R1_2019-10-03_13-41-15_57.jpg,3
dc_R1_2019-10-03_13-41-17_58.jpg,3
dc_R1_2019-10-03_13-41-20_59.jpg,3
dc_R1_2019-10-03_13-41-27_60.jpg,3
dc_R1_2019-10-03_13-41-37_63.jpg,3
dc_R1_2019-10-03_13-41-41_64.jpg,3
dc_L3_2019-10-03_13-36-54_0.jpg,1
dc_L3_2019-10-03_13-37-00_1.jpg,1
dc_L3_2019-10-03_13-37-42_8.jpg,1
dc_L3_2019-10-03_13-37-51_10.jpg,1
dc_L3_2019-10-03_13-38-08_14.jpg,1
dc_L3_2019-10-03_13-38-21_16.jpg,1
dc_L3_2019-10-03_13-38-43_19.jpg,1
dc_L3_2019-10-03_13-39-06_25.jpg,1
dc_L3_2019-10-03_13-39-19_28.jpg,1
dc_L3_2019-10-03_13-39-47_34.jpg,1
dc_L3_2019-10-03_13-39-52_36.jpg,1
dc_L3_2019-10-03_13-40-04_39.jpg,1
dc_L3_2019-10-03_13-40-20_43.jpg,1
dc_L3_2019-10-03_13-40-22_44.jpg,1
dc_L3_2019-10-03_13-40-43_49.jpg,1
dc_L3_2019-10-03_13-40-46_50.jpg,1
dc_L3_2019-10-03_13-41-08_55.jpg,1
dc_L3_2019-10-03_13-41-33_62.jpg,1
dc_S2_2019-10-03_13-37-07_2.jpg,2
dc_S2_2019-10-03_13-37-24_5.jpg,2
dc_S2_2019-10-03_13-37-39_7.jpg,2
dc_S2_2019-10-03_13-37-49_9.jpg,2
dc_S2_2019-10-03_13-38-01_12.jpg,2
dc_S2_2019-10-03_13-38-06_13.jpg,2
dc_S2_2019-10-03_13-38-30_17.jpg,2
dc_S2_2019-10-03_13-38-41_18.jpg,2
dc_S2_2019-10-03_13-38-47_20.jpg,2
dc_S2_2019-10-03_13-38-56_22.jpg,2
dc_S2_2019-10-03_13-39-12_26.jpg,2
dc_S2_2019-10-03_13-39-15_27.jpg,2
dc_S2_2019-10-03_13-39-26_30.jpg,2
dc_S2_2019-10-03_13-39-38_31.jpg,2
dc_S2_2019-10-03_13-39-41_32.jpg,2
dc_S2_2019-10-03_13-39-50_35.jpg,2
dc_S2_2019-10-03_13-39-56_37.jpg,2
dc_S2_2019-10-03_13-40-09_40.jpg,2
dc_S2_2019-10-03_13-40-13_41.jpg,2
dc_S2_2019-10-03_13-40-25_45.jpg,2
dc_S2_2019-10-03_13-40-33_46.jpg,2
dc_S2_2019-10-03_13-40-37_47.jpg,2
dc_S2_2019-10-03_13-40-39_48.jpg,2
dc_S2_2019-10-03_13-40-49_51.jpg,2
dc_S2_2019-10-03_13-40-51_52.jpg,2
dc_S2_2019-10-03_13-41-01_54.jpg,2
dc_S2_2019-10-03_13-41-13_56.jpg,2
dc_S2_2019-10-03_13-41-30_61.jpg,2
