_L2_2019-10-09_01-18-09_63.jpg,4
R4_2019-10-09_01-16-25_111.jpg,4
S3_2019-10-09_01-18-40_11.jpg,3
L2_2019-10-09_01-15-44_72.jpg,2
R4_2019-10-09_01-15-55_165.jpg,4
S3_2019-10-09_01-15-39_30.jpg,3
_S3_2019-10-09_01-18-04_18.jpg,3
S3_2019-10-09_01-15-50_127.jpg,3
L2_2019-10-09_01-16-48_34.jpg,2
L2_2019-10-09_01-17-24_46.jpg,2
R4_2019-10-09_01-15-57_187.jpg,4
L2_2019-10-09_01-16-52_65.jpg,2
_R4_2019-10-09_01-17-36_148.jpg,2
S3_2019-10-09_01-17-28_78.jpg,3
L2_2019-10-09_01-17-23_35.jpg,2
R4_2019-10-09_01-16-25_109.jpg,4
R4_2019-10-09_01-16-27_127.jpg,4
_S3_2019-10-09_01-16-58_122.jpg,3
R4_2019-10-09_01-17-02_151.jpg,4
L2_2019-10-09_01-16-54_85.jpg,2
_S3_2019-10-09_01-15-46_92.jpg,3
R4_2019-10-09_01-18-56_141.jpg,4
_L2_2019-10-09_01-18-13_99.jpg,4
S3_2019-10-09_01-15-52_143.jpg,3
_L2_2019-10-09_01-16-16_35.jpg,4
_L2_2019-10-09_01-16-56_104.jpg,4
_S3_2019-10-09_01-18-39_2.jpg,3
_L2_2019-10-09_01-18-12_91.jpg,4
L2_2019-10-09_01-16-53_76.jpg,2
S3_2019-10-09_01-16-17_42.jpg,3
_S3_2019-10-09_01-15-38_26.jpg,3
R4_2019-10-09_01-17-36_148.jpg,4
_S3_2019-10-09_01-17-27_75.jpg,3
_S3_2019-10-09_01-15-51_131.jpg,3
_R4_2019-10-09_01-15-56_173.jpg,2
L2_2019-10-09_01-16-47_23.jpg,2
_L2_2019-10-09_01-17-24_43.jpg,4
S3_2019-10-09_01-15-51_134.jpg,3
R4_2019-10-09_01-17-37_156.jpg,4
L2_2019-10-09_01-17-23_37.jpg,2
L2_2019-10-09_01-18-46_58.jpg,2
R4_2019-10-09_01-17-37_158.jpg,4
L2_2019-10-09_01-17-00_134.jpg,2
L2_2019-10-09_01-16-49_43.jpg,2
S3_2019-10-09_01-16-57_113.jpg,3
_S3_2019-10-09_01-15-35_1.jpg,3
_R4_2019-10-09_01-17-36_143.jpg,2
S3_2019-10-09_01-15-38_26.jpg,3
L2_2019-10-09_01-16-18_46.jpg,2
_L2_2019-10-09_01-17-22_31.jpg,4
_L2_2019-10-09_01-18-11_78.jpg,4
_S3_2019-10-09_01-15-46_90.jpg,3
L2_2019-10-09_01-16-56_104.jpg,2
S3_2019-10-09_01-18-18_136.jpg,3
L2_2019-10-09_01-18-44_45.jpg,2
R4_2019-10-09_01-18-54_130.jpg,4
L2_2019-10-09_01-18-10_75.jpg,2
_L2_2019-10-09_01-18-10_74.jpg,4
_L2_2019-10-09_01-17-25_55.jpg,4
L2_2019-10-09_01-16-16_36.jpg,2
S3_2019-10-09_01-17-30_98.jpg,3
L2_2019-10-09_01-18-43_32.jpg,2
S3_2019-10-09_01-18-50_92.jpg,3
_S3_2019-10-09_01-16-22_81.jpg,3
S3_2019-10-09_01-17-19_1.jpg,3
L2_2019-10-09_01-15-47_98.jpg,2
S3_2019-10-09_01-18-51_101.jpg,3
_S3_2019-10-09_01-15-51_137.jpg,3
S3_2019-10-09_01-17-28_81.jpg,3
_S3_2019-10-09_01-18-02_2.jpg,3
L2_2019-10-09_01-16-53_79.jpg,2
L2_2019-10-09_01-16-21_77.jpg,2
_S3_2019-10-09_01-18-02_6.jpg,3
R4_2019-10-09_01-18-23_177.jpg,4
S3_2019-10-09_01-17-27_73.jpg,3
S3_2019-10-09_01-16-14_16.jpg,3
_S3_2019-10-09_01-18-40_8.jpg,3
S3_2019-10-09_01-15-37_15.jpg,3
_L2_2019-10-09_01-16-49_43.jpg,4
_L2_2019-10-09_01-15-44_79.jpg,4
_R4_2019-10-09_01-15-59_200.jpg,2
_R4_2019-10-09_01-17-05_174.jpg,2
_S3_2019-10-09_01-15-46_96.jpg,3
L2_2019-10-09_01-17-24_44.jpg,2
_L2_2019-10-09_01-18-08_59.jpg,4
_R4_2019-10-09_01-15-57_182.jpg,2
_R4_2019-10-09_01-16-25_107.jpg,2
R4_2019-10-09_01-16-33_172.jpg,4
S3_2019-10-09_01-16-44_1.jpg,3
_S3_2019-10-09_01-15-51_132.jpg,3
R4_2019-10-09_01-18-23_178.jpg,4
R4_2019-10-09_01-18-56_140.jpg,4
_S3_2019-10-09_01-15-49_114.jpg,3
S3_2019-10-09_01-19-00_178.jpg,3
_L2_2019-10-09_01-16-20_70.jpg,4
S3_2019-10-09_01-17-27_72.jpg,3
L2_2019-10-09_01-16-18_48.jpg,2
S3_2019-10-09_01-18-50_91.jpg,3
R4_2019-10-09_01-18-59_171.jpg,4
R4_2019-10-09_01-17-35_136.jpg,4
_R4_2019-10-09_01-16-27_127.jpg,2
L2_2019-10-09_01-18-46_63.jpg,2
_L2_2019-10-09_01-18-46_62.jpg,4
_R4_2019-10-09_01-17-04_171.jpg,2
L2_2019-10-09_01-15-40_41.jpg,2
R4_2019-10-09_01-17-34_133.jpg,4
S3_2019-10-09_01-15-45_87.jpg,3
_R4_2019-10-09_01-15-57_181.jpg,2
_S3_2019-10-09_01-16-58_114.jpg,3
_L2_2019-10-09_01-18-45_55.jpg,4
_S3_2019-10-09_01-15-36_12.jpg,3
_S3_2019-10-09_01-17-21_22.jpg,3
_R4_2019-10-09_01-15-59_199.jpg,2
_R4_2019-10-09_01-15-55_166.jpg,2
S3_2019-10-09_01-18-49_87.jpg,3
_S3_2019-10-09_01-17-20_17.jpg,3
S3_2019-10-09_01-18-17_132.jpg,3
_L2_2019-10-09_01-18-46_59.jpg,4
_L2_2019-10-09_01-17-00_134.jpg,4
_S3_2019-10-09_01-15-38_24.jpg,3
S3_2019-10-09_01-18-16_120.jpg,3
_S3_2019-10-09_01-15-39_32.jpg,3
_L2_2019-10-09_01-18-05_32.jpg,4
L2_2019-10-09_01-17-20_15.jpg,2
_R4_2019-10-09_01-16-28_130.jpg,2
S3_2019-10-09_01-17-19_3.jpg,3
S3_2019-10-09_01-18-17_133.jpg,3
_L2_2019-10-09_01-18-05_31.jpg,4
S3_2019-10-09_01-18-14_106.jpg,3
_R4_2019-10-09_01-17-36_149.jpg,2
S3_2019-10-09_01-16-29_138.jpg,3
_L2_2019-10-09_01-16-54_84.jpg,4
_S3_2019-10-09_01-15-50_124.jpg,3
_R4_2019-10-09_01-17-05_178.jpg,2
_L2_2019-10-09_01-15-42_61.jpg,4
_R4_2019-10-09_01-16-27_128.jpg,2
S3_2019-10-09_01-15-39_31.jpg,3
_R4_2019-10-09_01-17-36_151.jpg,2
L2_2019-10-09_01-16-15_25.jpg,2
_R4_2019-10-09_01-18-56_142.jpg,2
_S3_2019-10-09_01-18-40_11.jpg,3
_S3_2019-10-09_01-18-41_18.jpg,3
R4_2019-10-09_01-15-58_192.jpg,4
_L2_2019-10-09_01-16-48_33.jpg,4
_S3_2019-10-09_01-17-19_3.jpg,3
_S3_2019-10-09_01-18-42_25.jpg,3
S3_2019-10-09_01-17-19_2.jpg,3
L2_2019-10-09_01-18-49_82.jpg,2
R4_2019-10-09_01-15-58_194.jpg,4
_S3_2019-10-09_01-16-57_112.jpg,3
_L2_2019-10-09_01-16-49_39.jpg,4
R4_2019-10-09_01-17-36_150.jpg,4
_S3_2019-10-09_01-17-26_61.jpg,3
_L2_2019-10-09_01-18-13_97.jpg,4
L2_2019-10-09_01-16-48_32.jpg,2
_R4_2019-10-09_01-18-21_160.jpg,2
_S3_2019-10-09_01-15-46_93.jpg,3
_S3_2019-10-09_01-17-28_78.jpg,3
R4_2019-10-09_01-16-32_170.jpg,4
S3_2019-10-09_01-18-03_10.jpg,3
_S3_2019-10-09_01-16-20_66.jpg,3
S3_2019-10-09_01-16-58_122.jpg,3
R4_2019-10-09_01-16-28_135.jpg,4
_L2_2019-10-09_01-16-19_54.jpg,4
_S3_2019-10-09_01-17-19_8.jpg,3
S3_2019-10-09_01-16-20_62.jpg,3
R4_2019-10-09_01-18-21_162.jpg,4
_L2_2019-10-09_01-16-51_62.jpg,4
_S3_2019-10-09_01-15-49_121.jpg,3
_L2_2019-10-09_01-16-52_69.jpg,4
_L2_2019-10-09_01-15-44_76.jpg,4
R4_2019-10-09_01-17-37_153.jpg,4
_S3_2019-10-09_01-15-52_143.jpg,3
_R4_2019-10-09_01-17-06_182.jpg,2
_S3_2019-10-09_01-15-37_15.jpg,3
_S3_2019-10-09_01-17-29_92.jpg,3
_S3_2019-10-09_01-16-44_4.jpg,3
R4_2019-10-09_01-15-58_193.jpg,4
_R4_2019-10-09_01-18-21_161.jpg,2
S3_2019-10-09_01-15-53_151.jpg,3
L2_2019-10-09_01-16-21_78.jpg,2
S3_2019-10-09_01-17-26_62.jpg,3
S3_2019-10-09_01-17-26_64.jpg,3
_S3_2019-10-09_01-15-51_130.jpg,3
S3_2019-10-09_01-18-13_100.jpg,3
L2_2019-10-09_01-17-24_48.jpg,2
_L2_2019-10-09_01-16-57_107.jpg,4
S3_2019-10-09_01-17-26_67.jpg,3
L2_2019-10-09_01-18-11_76.jpg,2
S3_2019-10-09_01-18-15_116.jpg,3
S3_2019-10-09_01-16-14_18.jpg,3
_S3_2019-10-09_01-15-38_22.jpg,3
_S3_2019-10-09_01-15-38_25.jpg,3
L2_2019-10-09_01-18-11_77.jpg,2
L2_2019-10-09_01-16-57_109.jpg,2
_L2_2019-10-09_01-16-49_45.jpg,4
_S3_2019-10-09_01-16-44_2.jpg,3
S3_2019-10-09_01-18-18_141.jpg,3
_S3_2019-10-09_01-17-19_4.jpg,3
S3_2019-10-09_01-15-50_122.jpg,3
R4_2019-10-09_01-15-57_183.jpg,4
L2_2019-10-09_01-17-24_49.jpg,2
R4_2019-10-09_01-17-04_165.jpg,4
_L2_2019-10-09_01-18-43_32.jpg,4
_L2_2019-10-09_01-18-45_54.jpg,4
_L2_2019-10-09_01-15-47_99.jpg,4
_L2_2019-10-09_01-15-42_55.jpg,4
_R4_2019-10-09_01-16-25_108.jpg,2
S3_2019-10-09_01-15-51_130.jpg,3
_L2_2019-10-09_01-15-44_74.jpg,4
S3_2019-10-09_01-15-37_14.jpg,3
S3_2019-10-09_01-18-42_25.jpg,3
S3_2019-10-09_01-18-51_99.jpg,3
L2_2019-10-09_01-16-18_53.jpg,2
S3_2019-10-09_01-16-13_10.jpg,3
L2_2019-10-09_01-18-13_96.jpg,2
S3_2019-10-09_01-15-46_93.jpg,3
S3_2019-10-09_01-18-02_7.jpg,3
_L2_2019-10-09_01-18-46_63.jpg,4
R4_2019-10-09_01-15-57_186.jpg,4
S3_2019-10-09_01-18-42_27.jpg,3
_R4_2019-10-09_01-15-59_202.jpg,2
_R4_2019-10-09_01-16-32_166.jpg,2
_L2_2019-10-09_01-16-16_36.jpg,4
_S3_2019-10-09_01-17-28_77.jpg,3
_L2_2019-10-09_01-18-12_90.jpg,4
_R4_2019-10-09_01-16-27_126.jpg,2
_L2_2019-10-09_01-17-24_50.jpg,4
_S3_2019-10-09_01-16-45_10.jpg,3
_R4_2019-10-09_01-18-21_163.jpg,2
_L2_2019-10-09_01-16-52_72.jpg,4
L2_2019-10-09_01-18-13_93.jpg,2
_S3_2019-10-09_01-17-29_87.jpg,3
_L2_2019-10-09_01-15-47_102.jpg,4
S3_2019-10-09_01-15-35_1.jpg,3
S3_2019-10-09_01-16-19_59.jpg,3
_L2_2019-10-09_01-16-56_103.jpg,4
R4_2019-10-09_01-17-04_166.jpg,4
L2_2019-10-09_01-16-46_21.jpg,2
R4_2019-10-09_01-15-57_181.jpg,4
R4_2019-10-09_01-17-06_182.jpg,4
_S3_2019-10-09_01-17-27_76.jpg,3
L2_2019-10-09_01-16-52_72.jpg,2
_L2_2019-10-09_01-17-20_14.jpg,4
_S3_2019-10-09_01-17-28_84.jpg,3
_S3_2019-10-09_01-17-27_71.jpg,3
L2_2019-10-09_01-16-52_64.jpg,2
_R4_2019-10-09_01-17-35_135.jpg,2
_S3_2019-10-09_01-18-03_10.jpg,3
_S3_2019-10-09_01-18-17_130.jpg,3
_S3_2019-10-09_01-16-14_16.jpg,3
L2_2019-10-09_01-15-44_78.jpg,2
S3_2019-10-09_01-18-49_85.jpg,3
_R4_2019-10-09_01-18-55_131.jpg,2
_L2_2019-10-09_01-16-18_52.jpg,4
_L2_2019-10-09_01-18-13_96.jpg,4
_L2_2019-10-09_01-17-23_36.jpg,4
_S3_2019-10-09_01-18-40_9.jpg,3
S3_2019-10-09_01-16-59_124.jpg,3
_R4_2019-10-09_01-18-22_170.jpg,2
_L2_2019-10-09_01-18-49_82.jpg,4
_L2_2019-10-09_01-18-43_34.jpg,4
_S3_2019-10-09_01-15-51_135.jpg,3
R4_2019-10-09_01-17-33_119.jpg,4
L2_2019-10-09_01-15-47_104.jpg,2
_S3_2019-10-09_01-18-42_28.jpg,3
_R4_2019-10-09_01-18-58_161.jpg,2
S3_2019-10-09_01-17-28_82.jpg,3
_L2_2019-10-09_01-16-18_46.jpg,4
_S3_2019-10-09_01-17-30_97.jpg,3
S3_2019-10-09_01-15-35_0.jpg,3
_L2_2019-10-09_01-16-47_30.jpg,4
L2_2019-10-09_01-16-52_69.jpg,2
R4_2019-10-09_01-15-57_185.jpg,4
S3_2019-10-09_01-18-49_88.jpg,3
_S3_2019-10-09_01-16-14_12.jpg,3
_S3_2019-10-09_01-15-45_85.jpg,3
S3_2019-10-09_01-16-59_123.jpg,3
R4_2019-10-09_01-16-28_131.jpg,4
S3_2019-10-09_01-15-49_121.jpg,3
_L2_2019-10-09_01-16-53_73.jpg,4
L2_2019-10-09_01-17-24_45.jpg,2
_S3_2019-10-09_01-18-11_80.jpg,3
_S3_2019-10-09_01-15-51_134.jpg,3
S3_2019-10-09_01-17-28_83.jpg,3
S3_2019-10-09_01-18-02_5.jpg,3
_R4_2019-10-09_01-16-31_160.jpg,2
_R4_2019-10-09_01-15-59_203.jpg,2
L2_2019-10-09_01-15-40_45.jpg,2
S3_2019-10-09_01-16-58_117.jpg,3
L2_2019-10-09_01-18-08_59.jpg,2
_S3_2019-10-09_01-15-46_89.jpg,3
R4_2019-10-09_01-16-25_110.jpg,4
_S3_2019-10-09_01-18-42_27.jpg,3
S3_2019-10-09_01-18-59_165.jpg,3
S3_2019-10-09_01-18-39_1.jpg,3
S3_2019-10-09_01-17-26_63.jpg,3
_R4_2019-10-09_01-17-34_128.jpg,2
_L2_2019-10-09_01-15-41_52.jpg,4
S3_2019-10-09_01-17-20_17.jpg,3
_R4_2019-10-09_01-16-32_163.jpg,2
_L2_2019-10-09_01-16-47_29.jpg,4
L2_2019-10-09_01-15-47_100.jpg,2
_S3_2019-10-09_01-18-02_8.jpg,3
L2_2019-10-09_01-17-22_34.jpg,2
S3_2019-10-09_01-16-58_121.jpg,3
_L2_2019-10-09_01-16-16_31.jpg,4
_R4_2019-10-09_01-17-05_180.jpg,2
_S3_2019-10-09_01-18-02_7.jpg,3
_S3_2019-10-09_01-18-39_0.jpg,3
_S3_2019-10-09_01-16-20_64.jpg,3
_R4_2019-10-09_01-15-56_172.jpg,2
_S3_2019-10-09_01-18-40_6.jpg,3
_S3_2019-10-09_01-18-13_100.jpg,3
_S3_2019-10-09_01-18-14_102.jpg,3
_R4_2019-10-09_01-16-27_122.jpg,2
_S3_2019-10-09_01-16-59_124.jpg,3
_L2_2019-10-09_01-16-48_37.jpg,4
_S3_2019-10-09_01-15-35_0.jpg,3
_R4_2019-10-09_01-17-33_120.jpg,2
_L2_2019-10-09_01-16-48_34.jpg,4
_S3_2019-10-09_01-18-50_97.jpg,3
_R4_2019-10-09_01-18-24_187.jpg,2
_R4_2019-10-09_01-17-02_151.jpg,2
_R4_2019-10-09_01-18-58_162.jpg,2
S3_2019-10-09_01-18-17_134.jpg,3
R4_2019-10-09_01-18-58_162.jpg,4
S3_2019-10-09_01-15-45_85.jpg,3
_R4_2019-10-09_01-16-31_157.jpg,2
_R4_2019-10-09_01-18-57_155.jpg,2
_R4_2019-10-09_01-18-59_170.jpg,2
_S3_2019-10-09_01-16-58_119.jpg,3
L2_2019-10-09_01-16-16_33.jpg,2
L2_2019-10-09_01-15-41_50.jpg,2
_R4_2019-10-09_01-19-01_187.jpg,2
_L2_2019-10-09_01-18-12_88.jpg,4
_S3_2019-10-09_01-16-19_60.jpg,3
S3_2019-10-09_01-18-39_3.jpg,3
_L2_2019-10-09_01-15-44_75.jpg,4
S3_2019-10-09_01-15-46_94.jpg,3
R4_2019-10-09_01-17-36_151.jpg,4
S3_2019-10-09_01-15-49_115.jpg,3
_S3_2019-10-09_01-18-41_19.jpg,3
L2_2019-10-09_01-16-54_83.jpg,2
S3_2019-10-09_01-18-03_14.jpg,3
_L2_2019-10-09_01-16-16_29.jpg,4
S3_2019-10-09_01-15-38_23.jpg,3
L2_2019-10-09_01-17-25_51.jpg,2
L2_2019-10-09_01-18-17_127.jpg,2
S3_2019-10-09_01-16-19_56.jpg,3
_S3_2019-10-09_01-18-17_134.jpg,3
_L2_2019-10-09_01-16-15_23.jpg,4
_S3_2019-10-09_01-15-36_8.jpg,3
S3_2019-10-09_01-15-50_123.jpg,3
_L2_2019-10-09_01-18-44_45.jpg,4
S3_2019-10-09_01-18-04_22.jpg,3
S3_2019-10-09_01-17-19_6.jpg,3
_S3_2019-10-09_01-15-49_116.jpg,3
_L2_2019-10-09_01-15-47_101.jpg,4
_L2_2019-10-09_01-16-52_71.jpg,4
L2_2019-10-09_01-18-44_44.jpg,2
_S3_2019-10-09_01-16-57_111.jpg,3
_S3_2019-10-09_01-16-17_37.jpg,3
_R4_2019-10-09_01-17-02_149.jpg,2
_L2_2019-10-09_01-15-43_71.jpg,4
_L2_2019-10-09_01-16-52_67.jpg,4
_S3_2019-10-09_01-15-48_107.jpg,3
_R4_2019-10-09_01-18-55_133.jpg,2
S3_2019-10-09_01-16-19_55.jpg,3
_S3_2019-10-09_01-18-40_10.jpg,3
L2_2019-10-09_01-15-45_82.jpg,2
_S3_2019-10-09_01-18-48_78.jpg,3
R4_2019-10-09_01-17-33_123.jpg,4
R4_2019-10-09_01-17-04_172.jpg,4
S3_2019-10-09_01-16-14_14.jpg,3
S3_2019-10-09_01-15-53_148.jpg,3
R4_2019-10-09_01-17-05_177.jpg,4
R4_2019-10-09_01-17-04_167.jpg,4
_L2_2019-10-09_01-16-18_49.jpg,4
S3_2019-10-09_01-18-16_122.jpg,3
R4_2019-10-09_01-16-27_125.jpg,4
L2_2019-10-09_01-16-16_31.jpg,2
S3_2019-10-09_01-18-02_8.jpg,3
L2_2019-10-09_01-16-51_63.jpg,2
R4_2019-10-09_01-18-22_173.jpg,4
L2_2019-10-09_01-16-15_28.jpg,2
R4_2019-10-09_01-15-55_168.jpg,4
R4_2019-10-09_01-17-34_134.jpg,4
S3_2019-10-09_01-15-46_90.jpg,3
_R4_2019-10-09_01-16-26_112.jpg,2
_S3_2019-10-09_01-18-47_69.jpg,3
_S3_2019-10-09_01-16-44_1.jpg,3
S3_2019-10-09_01-18-50_90.jpg,3
_R4_2019-10-09_01-17-36_145.jpg,2
R4_2019-10-09_01-18-20_157.jpg,4
R4_2019-10-09_01-17-35_135.jpg,4
L2_2019-10-09_01-15-47_99.jpg,2
_S3_2019-10-09_01-16-58_120.jpg,3
L2_2019-10-09_01-16-56_102.jpg,2
S3_2019-10-09_01-15-52_141.jpg,3
_R4_2019-10-09_01-18-58_157.jpg,2
_R4_2019-10-09_01-17-06_187.jpg,2
_S3_2019-10-09_01-15-49_115.jpg,3
_R4_2019-10-09_01-18-56_146.jpg,2
S3_2019-10-09_01-15-51_137.jpg,3
_L2_2019-10-09_01-16-47_24.jpg,4
S3_2019-10-09_01-18-18_137.jpg,3
_R4_2019-10-09_01-17-36_146.jpg,2
_S3_2019-10-09_01-15-53_150.jpg,3
_R4_2019-10-09_01-15-55_171.jpg,2
_S3_2019-10-09_01-17-29_85.jpg,3
_S3_2019-10-09_01-16-58_117.jpg,3
_L2_2019-10-09_01-18-09_65.jpg,4
S3_2019-10-09_01-17-29_88.jpg,3
L2_2019-10-09_01-18-44_46.jpg,2
_L2_2019-10-09_01-17-20_11.jpg,4
R4_2019-10-09_01-17-06_181.jpg,4
S3_2019-10-09_01-16-22_79.jpg,3
_S3_2019-10-09_01-18-50_91.jpg,3
_L2_2019-10-09_01-18-15_114.jpg,4
_R4_2019-10-09_01-18-22_172.jpg,2
_S3_2019-10-09_01-18-03_17.jpg,3
_S3_2019-10-09_01-15-52_145.jpg,3
_S3_2019-10-09_01-18-48_74.jpg,3
R4_2019-10-09_01-17-37_152.jpg,4
S3_2019-10-09_01-16-13_5.jpg,3
_L2_2019-10-09_01-16-52_68.jpg,4
R4_2019-10-09_01-17-36_149.jpg,4
_S3_2019-10-09_01-18-40_13.jpg,3
S3_2019-10-09_01-15-38_22.jpg,3
R4_2019-10-09_01-17-36_144.jpg,4
R4_2019-10-09_01-18-58_158.jpg,4
_S3_2019-10-09_01-18-19_147.jpg,3
R4_2019-10-09_01-18-57_150.jpg,4
L2_2019-10-09_01-17-00_135.jpg,2
R4_2019-10-09_01-16-31_156.jpg,4
_L2_2019-10-09_01-18-43_37.jpg,4
R4_2019-10-09_01-16-32_164.jpg,4
_S3_2019-10-09_01-15-45_87.jpg,3
S3_2019-10-09_01-16-45_10.jpg,3
_S3_2019-10-09_01-16-19_55.jpg,3
_L2_2019-10-09_01-16-54_81.jpg,4
R4_2019-10-09_01-18-59_168.jpg,4
S3_2019-10-09_01-15-46_89.jpg,3
_L2_2019-10-09_01-16-57_108.jpg,4
R4_2019-10-09_01-15-55_169.jpg,4
_L2_2019-10-09_01-16-48_31.jpg,4
_L2_2019-10-09_01-17-24_46.jpg,4
L2_2019-10-09_01-18-46_57.jpg,2
S3_2019-10-09_01-15-52_145.jpg,3
R4_2019-10-09_01-17-36_145.jpg,4
L2_2019-10-09_01-18-15_115.jpg,2
R4_2019-10-09_01-17-33_118.jpg,4
L2_2019-10-09_01-18-15_114.jpg,2
_R4_2019-10-09_01-17-04_166.jpg,2
R4_2019-10-09_01-18-56_144.jpg,4
L2_2019-10-09_01-16-46_22.jpg,2
R4_2019-10-09_01-15-56_179.jpg,4
R4_2019-10-09_01-18-57_148.jpg,4
L2_2019-10-09_01-16-54_81.jpg,2
_L2_2019-10-09_01-16-49_46.jpg,4
R4_2019-10-09_01-15-57_188.jpg,4
_R4_2019-10-09_01-17-37_153.jpg,2
_R4_2019-10-09_01-17-36_150.jpg,2
S3_2019-10-09_01-18-39_5.jpg,3
S3_2019-10-09_01-18-16_121.jpg,3
_R4_2019-10-09_01-17-02_150.jpg,2
R4_2019-10-09_01-17-36_146.jpg,4
_S3_2019-10-09_01-18-14_109.jpg,3
_L2_2019-10-09_01-17-23_39.jpg,4
R4_2019-10-09_01-15-55_171.jpg,4
_L2_2019-10-09_01-17-22_34.jpg,4
R4_2019-10-09_01-18-22_172.jpg,4
_S3_2019-10-09_01-17-26_65.jpg,3
R4_2019-10-09_01-16-32_168.jpg,4
_R4_2019-10-09_01-16-33_173.jpg,2
_S3_2019-10-09_01-18-47_71.jpg,3
R4_2019-10-09_01-19-00_173.jpg,4
_L2_2019-10-09_01-17-25_51.jpg,4
L2_2019-10-09_01-18-05_33.jpg,2
_S3_2019-10-09_01-18-49_88.jpg,3
L2_2019-10-09_01-18-13_98.jpg,2
_S3_2019-10-09_01-15-48_113.jpg,3
R4_2019-10-09_01-17-06_187.jpg,4
_R4_2019-10-09_01-18-59_167.jpg,2
R4_2019-10-09_01-17-05_176.jpg,4
L2_2019-10-09_01-18-10_71.jpg,2
_R4_2019-10-09_01-17-05_173.jpg,2
S3_2019-10-09_01-15-51_133.jpg,3
L2_2019-10-09_01-16-15_22.jpg,2
R4_2019-10-09_01-17-04_168.jpg,4
L2_2019-10-09_01-18-09_61.jpg,2
_L2_2019-10-09_01-18-07_43.jpg,4
_L2_2019-10-09_01-15-43_70.jpg,4
R4_2019-10-09_01-16-32_163.jpg,4
_R4_2019-10-09_01-18-55_134.jpg,2
_R4_2019-10-09_01-15-56_180.jpg,2
L2_2019-10-09_01-16-19_54.jpg,2
L2_2019-10-09_01-18-10_69.jpg,2
L2_2019-10-09_01-17-25_54.jpg,2
_S3_2019-10-09_01-18-15_116.jpg,3
_R4_2019-10-09_01-16-27_121.jpg,2
_S3_2019-10-09_01-15-48_105.jpg,3
_R4_2019-10-09_01-17-04_164.jpg,2
R4_2019-10-09_01-15-59_199.jpg,4
L2_2019-10-09_01-18-06_35.jpg,2
_L2_2019-10-09_01-17-25_56.jpg,4
L2_2019-10-09_01-18-43_39.jpg,2
_R4_2019-10-09_01-17-37_159.jpg,2
_L2_2019-10-09_01-18-49_83.jpg,4
L2_2019-10-09_01-18-10_70.jpg,2
_L2_2019-10-09_01-15-45_83.jpg,4
_L2_2019-10-09_01-18-15_113.jpg,4
_R4_2019-10-09_01-18-58_159.jpg,2
L2_2019-10-09_01-15-40_46.jpg,2
L2_2019-10-09_01-16-49_42.jpg,2
S3_2019-10-09_01-18-41_16.jpg,3
L2_2019-10-09_01-15-44_75.jpg,2
R4_2019-10-09_01-15-57_182.jpg,4
_L2_2019-10-09_01-18-09_66.jpg,4
_S3_2019-10-09_01-15-37_16.jpg,3
_L2_2019-10-09_01-16-21_73.jpg,4
R4_2019-10-09_01-16-28_136.jpg,4
S3_2019-10-09_01-19-00_177.jpg,3
_L2_2019-10-09_01-16-16_32.jpg,4
S3_2019-10-09_01-19-00_174.jpg,3
_S3_2019-10-09_01-18-14_108.jpg,3
R4_2019-10-09_01-16-27_124.jpg,4
_S3_2019-10-09_01-16-12_3.jpg,3
L2_2019-10-09_01-18-46_64.jpg,2
_S3_2019-10-09_01-18-17_132.jpg,3
S3_2019-10-09_01-17-29_86.jpg,3
S3_2019-10-09_01-15-36_8.jpg,3
_R4_2019-10-09_01-16-29_137.jpg,2
_R4_2019-10-09_01-18-23_178.jpg,2
R4_2019-10-09_01-16-30_152.jpg,4
L2_2019-10-09_01-15-45_83.jpg,2
_L2_2019-10-09_01-15-42_60.jpg,4
_L2_2019-10-09_01-15-40_43.jpg,4
_L2_2019-10-09_01-15-44_73.jpg,4
_L2_2019-10-09_01-16-18_53.jpg,4
_L2_2019-10-09_01-16-47_27.jpg,4
_S3_2019-10-09_01-16-13_4.jpg,3
L2_2019-10-09_01-15-42_58.jpg,2
_R4_2019-10-09_01-18-22_173.jpg,2
L2_2019-10-09_01-16-52_67.jpg,2
_L2_2019-10-09_01-16-15_25.jpg,4
L2_2019-10-09_01-18-13_95.jpg,2
_S3_2019-10-09_01-18-17_129.jpg,3
_R4_2019-10-09_01-17-05_176.jpg,2
L2_2019-10-09_01-15-43_71.jpg,2
_L2_2019-10-09_01-15-40_44.jpg,4
_R4_2019-10-09_01-17-33_126.jpg,2
_L2_2019-10-09_01-16-21_76.jpg,4
_R4_2019-10-09_01-17-06_185.jpg,2
_S3_2019-10-09_01-18-18_140.jpg,3
_S3_2019-10-09_01-15-50_129.jpg,3
L2_2019-10-09_01-16-52_66.jpg,2
_L2_2019-10-09_01-16-57_106.jpg,4
_S3_2019-10-09_01-17-28_80.jpg,3
R4_2019-10-09_01-17-33_124.jpg,4
R4_2019-10-09_01-18-58_159.jpg,4
_S3_2019-10-09_01-16-19_56.jpg,3
R4_2019-10-09_01-15-56_175.jpg,4
L2_2019-10-09_01-16-18_47.jpg,2
S3_2019-10-09_01-16-12_3.jpg,3
S3_2019-10-09_01-18-03_12.jpg,3
L2_2019-10-09_01-18-10_73.jpg,2
S3_2019-10-09_01-18-39_0.jpg,3
_S3_2019-10-09_01-16-59_128.jpg,3
L2_2019-10-09_01-16-56_105.jpg,2
_R4_2019-10-09_01-17-37_152.jpg,2
_S3_2019-10-09_01-16-17_41.jpg,3
L2_2019-10-09_01-18-06_41.jpg,2
_S3_2019-10-09_01-16-59_123.jpg,3
L2_2019-10-09_01-18-07_44.jpg,2
_L2_2019-10-09_01-16-17_45.jpg,4
R4_2019-10-09_01-17-33_120.jpg,4
S3_2019-10-09_01-18-14_104.jpg,3
L2_2019-10-09_01-15-41_53.jpg,2
_R4_2019-10-09_01-17-05_175.jpg,2
R4_2019-10-09_01-15-59_197.jpg,4
_R4_2019-10-09_01-15-55_170.jpg,2
_S3_2019-10-09_01-17-20_16.jpg,3
L2_2019-10-09_01-16-17_45.jpg,2
_S3_2019-10-09_01-15-37_19.jpg,3
_S3_2019-10-09_01-17-00_131.jpg,3
_S3_2019-10-09_01-17-19_5.jpg,3
L2_2019-10-09_01-17-23_36.jpg,2
L2_2019-10-09_01-15-41_51.jpg,2
S3_2019-10-09_01-18-42_24.jpg,3
_S3_2019-10-09_01-15-50_122.jpg,3
S3_2019-10-09_01-18-40_14.jpg,3
_S3_2019-10-09_01-15-37_21.jpg,3
L2_2019-10-09_01-17-25_52.jpg,2
_S3_2019-10-09_01-15-53_152.jpg,3
S3_2019-10-09_01-18-14_105.jpg,3
_S3_2019-10-09_01-18-41_21.jpg,3
S3_2019-10-09_01-16-14_13.jpg,3
_S3_2019-10-09_01-18-41_20.jpg,3
S3_2019-10-09_01-15-51_132.jpg,3
R4_2019-10-09_01-16-31_161.jpg,4
L2_2019-10-09_01-16-21_76.jpg,2
_L2_2019-10-09_01-16-21_72.jpg,4
R4_2019-10-09_01-16-30_148.jpg,4
S3_2019-10-09_01-18-18_142.jpg,3
_L2_2019-10-09_01-16-49_47.jpg,4
R4_2019-10-09_01-17-05_175.jpg,4
_L2_2019-10-09_01-18-10_69.jpg,4
S3_2019-10-09_01-18-47_71.jpg,3
R4_2019-10-09_01-16-32_162.jpg,4
_R4_2019-10-09_01-16-31_161.jpg,2
_L2_2019-10-09_01-18-16_125.jpg,4
_L2_2019-10-09_01-15-47_97.jpg,4
_R4_2019-10-09_01-18-57_150.jpg,2
_S3_2019-10-09_01-15-46_94.jpg,3
_S3_2019-10-09_01-17-26_63.jpg,3
R4_2019-10-09_01-16-24_103.jpg,4
_S3_2019-10-09_01-15-52_139.jpg,3
S3_2019-10-09_01-18-42_26.jpg,3
S3_2019-10-09_01-16-20_66.jpg,3
_L2_2019-10-09_01-17-00_136.jpg,4
R4_2019-10-09_01-17-33_126.jpg,4
L2_2019-10-09_01-17-24_43.jpg,2
S3_2019-10-09_01-16-12_2.jpg,3
_S3_2019-10-09_01-17-27_70.jpg,3
_L2_2019-10-09_01-18-13_93.jpg,4
L2_2019-10-09_01-18-13_94.jpg,2
L2_2019-10-09_01-18-09_60.jpg,2
_S3_2019-10-09_01-16-20_65.jpg,3
_R4_2019-10-09_01-18-24_185.jpg,2
L2_2019-10-09_01-18-09_65.jpg,2
R4_2019-10-09_01-16-27_128.jpg,4
S3_2019-10-09_01-16-57_112.jpg,3
_L2_2019-10-09_01-16-49_40.jpg,4
L2_2019-10-09_01-18-51_103.jpg,2
R4_2019-10-09_01-16-29_137.jpg,4
_S3_2019-10-09_01-18-15_117.jpg,3
_S3_2019-10-09_01-15-37_14.jpg,3
R4_2019-10-09_01-19-01_187.jpg,4
L2_2019-10-09_01-16-15_26.jpg,2
_S3_2019-10-09_01-18-47_68.jpg,3
S3_2019-10-09_01-17-27_71.jpg,3
L2_2019-10-09_01-16-16_32.jpg,2
_S3_2019-10-09_01-15-50_126.jpg,3
_R4_2019-10-09_01-17-34_133.jpg,2
L2_2019-10-09_01-15-44_79.jpg,2
_S3_2019-10-09_01-18-18_136.jpg,3
R4_2019-10-09_01-18-56_142.jpg,4
_R4_2019-10-09_01-18-20_158.jpg,2
_L2_2019-10-09_01-16-53_79.jpg,4
R4_2019-10-09_01-16-31_159.jpg,4
_L2_2019-10-09_01-18-07_47.jpg,4
_L2_2019-10-09_01-18-13_98.jpg,4
L2_2019-10-09_01-16-48_38.jpg,2
_S3_2019-10-09_01-18-11_79.jpg,3
_L2_2019-10-09_01-16-47_26.jpg,4
L2_2019-10-09_01-18-12_91.jpg,2
S3_2019-10-09_01-16-19_58.jpg,3
_S3_2019-10-09_01-16-17_40.jpg,3
L2_2019-10-09_01-17-24_47.jpg,2
L2_2019-10-09_01-16-57_108.jpg,2
R4_2019-10-09_01-18-58_156.jpg,4
_S3_2019-10-09_01-18-04_20.jpg,3
_S3_2019-10-09_01-18-47_72.jpg,3
S3_2019-10-09_01-16-45_11.jpg,3
_S3_2019-10-09_01-17-19_9.jpg,3
S3_2019-10-09_01-15-36_10.jpg,3
S3_2019-10-09_01-18-40_9.jpg,3
_S3_2019-10-09_01-16-14_20.jpg,3
_S3_2019-10-09_01-16-59_130.jpg,3
R4_2019-10-09_01-16-30_150.jpg,4
R4_2019-10-09_01-18-21_161.jpg,4
_L2_2019-10-09_01-18-46_56.jpg,4
_R4_2019-10-09_01-15-55_165.jpg,2
S3_2019-10-09_01-15-51_138.jpg,3
_S3_2019-10-09_01-17-30_100.jpg,3
L2_2019-10-09_01-16-56_99.jpg,2
R4_2019-10-09_01-15-58_189.jpg,4
_S3_2019-10-09_01-17-28_82.jpg,3
_R4_2019-10-09_01-16-30_148.jpg,2
S3_2019-10-09_01-17-27_74.jpg,3
_R4_2019-10-09_01-17-37_158.jpg,2
_L2_2019-10-09_01-17-25_54.jpg,4
L2_2019-10-09_01-18-05_34.jpg,2
_R4_2019-10-09_01-18-22_176.jpg,2
L2_2019-10-09_01-16-54_82.jpg,2
_S3_2019-10-09_01-16-29_139.jpg,3
L2_2019-10-09_01-17-20_12.jpg,2
_R4_2019-10-09_01-18-22_175.jpg,2
_L2_2019-10-09_01-18-12_92.jpg,4
S3_2019-10-09_01-17-30_97.jpg,3
S3_2019-10-09_01-17-21_20.jpg,3
S3_2019-10-09_01-18-18_138.jpg,3
L2_2019-10-09_01-17-23_39.jpg,2
_R4_2019-10-09_01-17-35_136.jpg,2
S3_2019-10-09_01-16-58_114.jpg,3
_S3_2019-10-09_01-18-02_4.jpg,3
_R4_2019-10-09_01-17-34_129.jpg,2
R4_2019-10-09_01-17-37_157.jpg,4
L2_2019-10-09_01-18-43_34.jpg,2
S3_2019-10-09_01-18-39_4.jpg,3
_R4_2019-10-09_01-16-24_103.jpg,2
R4_2019-10-09_01-17-34_132.jpg,4
_S3_2019-10-09_01-15-49_118.jpg,3
L2_2019-10-09_01-18-06_40.jpg,2
_S3_2019-10-09_01-19-00_174.jpg,3
S3_2019-10-09_01-17-26_65.jpg,3
_R4_2019-10-09_01-16-30_150.jpg,2
_S3_2019-10-09_01-16-59_126.jpg,3
S3_2019-10-09_01-18-49_84.jpg,3
L2_2019-10-09_01-18-05_31.jpg,2
R4_2019-10-09_01-15-56_172.jpg,4
_R4_2019-10-09_01-16-28_134.jpg,2
_L2_2019-10-09_01-16-21_77.jpg,4
_L2_2019-10-09_01-16-51_63.jpg,4
L2_2019-10-09_01-18-51_104.jpg,2
_R4_2019-10-09_01-16-32_162.jpg,2
_L2_2019-10-09_01-17-01_139.jpg,4
R4_2019-10-09_01-16-30_153.jpg,4
S3_2019-10-09_01-15-48_105.jpg,3
R4_2019-10-09_01-17-35_137.jpg,4
_S3_2019-10-09_01-16-14_14.jpg,3
_R4_2019-10-09_01-17-35_137.jpg,2
R4_2019-10-09_01-18-57_154.jpg,4
_R4_2019-10-09_01-17-06_181.jpg,2
_S3_2019-10-09_01-18-41_15.jpg,3
_S3_2019-10-09_01-18-51_98.jpg,3
_R4_2019-10-09_01-18-20_157.jpg,2
_S3_2019-10-09_01-19-00_178.jpg,3
R4_2019-10-09_01-16-27_126.jpg,4
_L2_2019-10-09_01-18-43_35.jpg,4
L2_2019-10-09_01-18-44_40.jpg,2
_L2_2019-10-09_01-15-42_62.jpg,4
_R4_2019-10-09_01-18-23_182.jpg,2
R4_2019-10-09_01-17-04_171.jpg,4
_S3_2019-10-09_01-18-42_23.jpg,3
S3_2019-10-09_01-18-50_93.jpg,3
R4_2019-10-09_01-17-06_185.jpg,4
_S3_2019-10-09_01-18-40_14.jpg,3
_L2_2019-10-09_01-15-47_100.jpg,4
_S3_2019-10-09_01-15-48_111.jpg,3
_L2_2019-10-09_01-16-52_70.jpg,4
_R4_2019-10-09_01-15-57_186.jpg,2
R4_2019-10-09_01-16-25_108.jpg,4
_L2_2019-10-09_01-18-48_80.jpg,4
_L2_2019-10-09_01-17-23_35.jpg,4
L2_2019-10-09_01-16-15_23.jpg,2
_R4_2019-10-09_01-16-31_155.jpg,2
_R4_2019-10-09_01-18-20_159.jpg,2
S3_2019-10-09_01-18-03_15.jpg,3
_L2_2019-10-09_01-18-12_89.jpg,4
_S3_2019-10-09_01-15-49_117.jpg,3
_S3_2019-10-09_01-16-20_62.jpg,3
_R4_2019-10-09_01-17-33_119.jpg,2
_S3_2019-10-09_01-17-19_6.jpg,3
_R4_2019-10-09_01-18-59_168.jpg,2
S3_2019-10-09_01-16-20_64.jpg,3
_S3_2019-10-09_01-18-19_143.jpg,3
L2_2019-10-09_01-18-44_47.jpg,2
_S3_2019-10-09_01-16-22_80.jpg,3
L2_2019-10-09_01-18-43_33.jpg,2
R4_2019-10-09_01-18-57_151.jpg,4
_R4_2019-10-09_01-18-58_156.jpg,2
S3_2019-10-09_01-18-39_2.jpg,3
_S3_2019-10-09_01-18-51_101.jpg,3
L2_2019-10-09_01-16-57_107.jpg,2
_S3_2019-10-09_01-17-21_19.jpg,3
S3_2019-10-09_01-17-29_85.jpg,3
_R4_2019-10-09_01-18-58_160.jpg,2
L2_2019-10-09_01-18-10_68.jpg,2
L2_2019-10-09_01-17-23_40.jpg,2
_L2_2019-10-09_01-16-21_75.jpg,4
L2_2019-10-09_01-18-43_38.jpg,2
R4_2019-10-09_01-18-21_165.jpg,4
_S3_2019-10-09_01-15-50_127.jpg,3
S3_2019-10-09_01-15-36_5.jpg,3
_R4_2019-10-09_01-18-24_191.jpg,2
_L2_2019-10-09_01-16-53_76.jpg,4
_R4_2019-10-09_01-16-32_167.jpg,2
R4_2019-10-09_01-17-34_130.jpg,4
_R4_2019-10-09_01-16-25_105.jpg,2
_S3_2019-10-09_01-18-16_122.jpg,3
_L2_2019-10-09_01-17-23_38.jpg,4
L2_2019-10-09_01-18-06_38.jpg,2
_R4_2019-10-09_01-17-33_123.jpg,2
_R4_2019-10-09_01-18-21_165.jpg,2
S3_2019-10-09_01-18-18_139.jpg,3
_S3_2019-10-09_01-15-45_88.jpg,3
_R4_2019-10-09_01-16-25_106.jpg,2
S3_2019-10-09_01-17-21_18.jpg,3
S3_2019-10-09_01-15-46_92.jpg,3
L2_2019-10-09_01-17-23_42.jpg,2
_S3_2019-10-09_01-18-42_24.jpg,3
R4_2019-10-09_01-15-59_201.jpg,4
_L2_2019-10-09_01-18-07_44.jpg,4
_L2_2019-10-09_01-15-42_57.jpg,4
_S3_2019-10-09_01-18-48_73.jpg,3
L2_2019-10-09_01-16-20_69.jpg,2
R4_2019-10-09_01-18-58_157.jpg,4
_S3_2019-10-09_01-15-37_18.jpg,3
R4_2019-10-09_01-19-01_184.jpg,4
_S3_2019-10-09_01-18-16_118.jpg,3
_R4_2019-10-09_01-18-59_172.jpg,2
R4_2019-10-09_01-18-55_131.jpg,4
R4_2019-10-09_01-17-06_186.jpg,4
S3_2019-10-09_01-18-03_16.jpg,3
S3_2019-10-09_01-18-40_8.jpg,3
S3_2019-10-09_01-16-14_19.jpg,3
_R4_2019-10-09_01-17-34_130.jpg,2
L2_2019-10-09_01-16-48_31.jpg,2
_L2_2019-10-09_01-16-53_74.jpg,4
L2_2019-10-09_01-16-48_33.jpg,2
_L2_2019-10-09_01-18-15_115.jpg,4
_S3_2019-10-09_01-17-26_66.jpg,3
S3_2019-10-09_01-18-51_100.jpg,3
_S3_2019-10-09_01-17-29_91.jpg,3
S3_2019-10-09_01-18-40_12.jpg,3
_S3_2019-10-09_01-18-03_16.jpg,3
S3_2019-10-09_01-18-16_124.jpg,3
_L2_2019-10-09_01-18-48_79.jpg,4
S3_2019-10-09_01-15-35_3.jpg,3
_S3_2019-10-09_01-19-00_179.jpg,3
_S3_2019-10-09_01-17-00_133.jpg,3
_S3_2019-10-09_01-16-13_8.jpg,3
R4_2019-10-09_01-18-55_133.jpg,4
_S3_2019-10-09_01-15-52_146.jpg,3
R4_2019-10-09_01-18-57_155.jpg,4
S3_2019-10-09_01-16-17_40.jpg,3
S3_2019-10-09_01-16-58_119.jpg,3
R4_2019-10-09_01-15-55_166.jpg,4
S3_2019-10-09_01-16-59_128.jpg,3
L2_2019-10-09_01-15-45_84.jpg,2
_L2_2019-10-09_01-18-46_57.jpg,4
R4_2019-10-09_01-19-01_185.jpg,4
_L2_2019-10-09_01-16-54_85.jpg,4
R4_2019-10-09_01-16-27_123.jpg,4
_L2_2019-10-09_01-18-06_36.jpg,4
_R4_2019-10-09_01-18-56_141.jpg,2
R4_2019-10-09_01-18-58_160.jpg,4
R4_2019-10-09_01-17-37_154.jpg,4
_L2_2019-10-09_01-17-00_138.jpg,4
R4_2019-10-09_01-16-31_160.jpg,4
_L2_2019-10-09_01-17-22_30.jpg,4
S3_2019-10-09_01-18-19_144.jpg,3
L2_2019-10-09_01-18-46_61.jpg,2
R4_2019-10-09_01-17-05_173.jpg,4
S3_2019-10-09_01-17-27_75.jpg,3
_R4_2019-10-09_01-17-04_169.jpg,2
L2_2019-10-09_01-15-40_39.jpg,2
_R4_2019-10-09_01-15-57_188.jpg,2
_L2_2019-10-09_01-17-24_45.jpg,4
_S3_2019-10-09_01-15-50_123.jpg,3
R4_2019-10-09_01-15-59_203.jpg,4
_L2_2019-10-09_01-17-23_40.jpg,4
L2_2019-10-09_01-18-43_36.jpg,2
L2_2019-10-09_01-17-23_38.jpg,2
R4_2019-10-09_01-16-28_129.jpg,4
S3_2019-10-09_01-17-29_87.jpg,3
_L2_2019-10-09_01-18-16_126.jpg,4
R4_2019-10-09_01-17-05_178.jpg,4
S3_2019-10-09_01-16-13_7.jpg,3
_S3_2019-10-09_01-15-38_29.jpg,3
R4_2019-10-09_01-15-55_170.jpg,4
L2_2019-10-09_01-18-12_90.jpg,2
_L2_2019-10-09_01-18-09_60.jpg,4
S3_2019-10-09_01-18-48_75.jpg,3
S3_2019-10-09_01-17-00_131.jpg,3
_S3_2019-10-09_01-17-25_57.jpg,3
_S3_2019-10-09_01-16-17_38.jpg,3
R4_2019-10-09_01-18-22_176.jpg,4
_R4_2019-10-09_01-16-25_111.jpg,2
S3_2019-10-09_01-15-48_108.jpg,3
S3_2019-10-09_01-18-47_70.jpg,3
S3_2019-10-09_01-17-19_5.jpg,3
L2_2019-10-09_01-16-16_35.jpg,2
S3_2019-10-09_01-16-13_9.jpg,3
_S3_2019-10-09_01-15-52_144.jpg,3
S3_2019-10-09_01-15-46_96.jpg,3
_S3_2019-10-09_01-18-18_135.jpg,3
S3_2019-10-09_01-18-40_6.jpg,3
S3_2019-10-09_01-18-50_96.jpg,3
_L2_2019-10-09_01-15-40_39.jpg,4
_S3_2019-10-09_01-16-12_1.jpg,3
_L2_2019-10-09_01-18-09_62.jpg,4
S3_2019-10-09_01-15-50_129.jpg,3
_R4_2019-10-09_01-15-59_201.jpg,2
S3_2019-10-09_01-16-58_120.jpg,3
_R4_2019-10-09_01-15-58_189.jpg,2
S3_2019-10-09_01-18-49_89.jpg,3
_L2_2019-10-09_01-15-41_50.jpg,4
_S3_2019-10-09_01-18-58_164.jpg,3
_L2_2019-10-09_01-17-00_137.jpg,4
_R4_2019-10-09_01-17-36_147.jpg,2
S3_2019-10-09_01-18-41_18.jpg,3
_R4_2019-10-09_01-18-23_183.jpg,2
R4_2019-10-09_01-15-59_200.jpg,4
L2_2019-10-09_01-18-15_113.jpg,2
_R4_2019-10-09_01-19-01_185.jpg,2
_L2_2019-10-09_01-16-53_75.jpg,4
L2_2019-10-09_01-16-49_41.jpg,2
_L2_2019-10-09_01-16-53_78.jpg,4
R4_2019-10-09_01-17-02_149.jpg,4
L2_2019-10-09_01-15-40_40.jpg,2
S3_2019-10-09_01-15-49_120.jpg,3
L2_2019-10-09_01-17-20_13.jpg,2
S3_2019-10-09_01-18-04_20.jpg,3
L2_2019-10-09_01-18-44_43.jpg,2
_S3_2019-10-09_01-15-48_106.jpg,3
S3_2019-10-09_01-19-00_176.jpg,3
_L2_2019-10-09_01-18-51_102.jpg,4
L2_2019-10-09_01-15-39_38.jpg,2
S3_2019-10-09_01-16-17_38.jpg,3
S3_2019-10-09_01-18-48_73.jpg,3
S3_2019-10-09_01-15-52_142.jpg,3
S3_2019-10-09_01-15-50_126.jpg,3
_S3_2019-10-09_01-15-36_5.jpg,3
_R4_2019-10-09_01-15-55_169.jpg,2
R4_2019-10-09_01-17-34_127.jpg,4
_R4_2019-10-09_01-18-56_147.jpg,2
L2_2019-10-09_01-16-52_68.jpg,2
_R4_2019-10-09_01-18-23_179.jpg,2
_L2_2019-10-09_01-16-52_64.jpg,4
L2_2019-10-09_01-18-46_62.jpg,2
L2_2019-10-09_01-16-56_101.jpg,2
_L2_2019-10-09_01-18-13_95.jpg,4
L2_2019-10-09_01-18-06_39.jpg,2
_S3_2019-10-09_01-16-57_113.jpg,3
S3_2019-10-09_01-17-26_61.jpg,3
L2_2019-10-09_01-16-21_73.jpg,2
_R4_2019-10-09_01-18-56_140.jpg,2
S3_2019-10-09_01-18-40_7.jpg,3
_R4_2019-10-09_01-15-56_175.jpg,2
R4_2019-10-09_01-18-59_170.jpg,4
S3_2019-10-09_01-18-41_15.jpg,3
L2_2019-10-09_01-16-47_26.jpg,2
L2_2019-10-09_01-18-07_45.jpg,2
L2_2019-10-09_01-18-09_62.jpg,2
_R4_2019-10-09_01-15-55_168.jpg,2
_S3_2019-10-09_01-18-17_133.jpg,3
_L2_2019-10-09_01-16-47_28.jpg,4
_L2_2019-10-09_01-16-21_71.jpg,4
_R4_2019-10-09_01-15-58_191.jpg,2
_S3_2019-10-09_01-18-50_92.jpg,3
_S3_2019-10-09_01-17-21_21.jpg,3
_L2_2019-10-09_01-18-06_40.jpg,4
_S3_2019-10-09_01-15-48_108.jpg,3
L2_2019-10-09_01-18-45_54.jpg,2
L2_2019-10-09_01-15-42_57.jpg,2
S3_2019-10-09_01-18-52_106.jpg,3
R4_2019-10-09_01-16-32_165.jpg,4
_S3_2019-10-09_01-16-13_7.jpg,3
S3_2019-10-09_01-18-19_143.jpg,3
L2_2019-10-09_01-17-25_56.jpg,2
_S3_2019-10-09_01-18-48_75.jpg,3
_S3_2019-10-09_01-17-27_74.jpg,3
_S3_2019-10-09_01-16-59_127.jpg,3
L2_2019-10-09_01-16-54_86.jpg,2
_R4_2019-10-09_01-15-58_190.jpg,2
_S3_2019-10-09_01-15-35_2.jpg,3
_S3_2019-10-09_01-17-31_101.jpg,3
_L2_2019-10-09_01-18-11_77.jpg,4
_S3_2019-10-09_01-15-52_142.jpg,3
_S3_2019-10-09_01-18-14_103.jpg,3
L2_2019-10-09_01-16-15_21.jpg,2
S3_2019-10-09_01-17-21_21.jpg,3
_L2_2019-10-09_01-15-41_53.jpg,4
_R4_2019-10-09_01-17-33_118.jpg,2
L2_2019-10-09_01-15-47_102.jpg,2
L2_2019-10-09_01-18-46_56.jpg,2
_S3_2019-10-09_01-16-44_0.jpg,3
L2_2019-10-09_01-16-54_84.jpg,2
R4_2019-10-09_01-18-59_167.jpg,4
L2_2019-10-09_01-16-18_49.jpg,2
S3_2019-10-09_01-16-12_1.jpg,3
_S3_2019-10-09_01-15-51_138.jpg,3
S3_2019-10-09_01-18-48_78.jpg,3
L2_2019-10-09_01-15-47_101.jpg,2
L2_2019-10-09_01-18-07_46.jpg,2
_R4_2019-10-09_01-15-58_192.jpg,2
S3_2019-10-09_01-18-16_119.jpg,3
S3_2019-10-09_01-18-58_164.jpg,3
_L2_2019-10-09_01-15-40_41.jpg,4
S3_2019-10-09_01-18-17_129.jpg,3
_L2_2019-10-09_01-16-54_86.jpg,4
_R4_2019-10-09_01-16-28_133.jpg,2
S3_2019-10-09_01-16-44_0.jpg,3
_R4_2019-10-09_01-16-30_153.jpg,2
_S3_2019-10-09_01-17-25_58.jpg,3
S3_2019-10-09_01-16-44_4.jpg,3
L2_2019-10-09_01-15-41_54.jpg,2
_R4_2019-10-09_01-15-58_196.jpg,2
S3_2019-10-09_01-18-50_97.jpg,3
S3_2019-10-09_01-18-40_13.jpg,3
S3_2019-10-09_01-15-50_124.jpg,3
S3_2019-10-09_01-18-41_22.jpg,3
R4_2019-10-09_01-18-23_181.jpg,4
_L2_2019-10-09_01-18-10_71.jpg,4
R4_2019-10-09_01-17-33_121.jpg,4
_R4_2019-10-09_01-15-57_185.jpg,2
_R4_2019-10-09_01-17-06_186.jpg,2
_L2_2019-10-09_01-15-45_80.jpg,4
R4_2019-10-09_01-15-57_184.jpg,4
L2_2019-10-09_01-16-47_29.jpg,2
R4_2019-10-09_01-18-21_163.jpg,4
_L2_2019-10-09_01-16-15_24.jpg,4
S3_2019-10-09_01-17-30_96.jpg,3
S3_2019-10-09_01-18-04_21.jpg,3
S3_2019-10-09_01-16-57_111.jpg,3
L2_2019-10-09_01-18-06_37.jpg,2
S3_2019-10-09_01-18-16_118.jpg,3
_R4_2019-10-09_01-16-31_156.jpg,2
_S3_2019-10-09_01-18-14_104.jpg,3
S3_2019-10-09_01-16-12_0.jpg,3
S3_2019-10-09_01-18-42_23.jpg,3
_L2_2019-10-09_01-18-49_81.jpg,4
_R4_2019-10-09_01-18-24_188.jpg,2
L2_2019-10-09_01-18-09_67.jpg,2
_S3_2019-10-09_01-17-21_18.jpg,3
_S3_2019-10-09_01-15-50_125.jpg,3
_L2_2019-10-09_01-18-43_38.jpg,4
_S3_2019-10-09_01-17-30_93.jpg,3
S3_2019-10-09_01-17-29_89.jpg,3
S3_2019-10-09_01-15-46_95.jpg,3
S3_2019-10-09_01-17-01_140.jpg,3
R4_2019-10-09_01-19-01_183.jpg,4
_S3_2019-10-09_01-17-29_89.jpg,3
L2_2019-10-09_01-16-56_103.jpg,2
S3_2019-10-09_01-15-37_16.jpg,3
S3_2019-10-09_01-16-59_129.jpg,3
_S3_2019-10-09_01-15-37_17.jpg,3
S3_2019-10-09_01-15-38_29.jpg,3
_S3_2019-10-09_01-17-27_68.jpg,3
_S3_2019-10-09_01-17-28_81.jpg,3
_S3_2019-10-09_01-18-02_5.jpg,3
_L2_2019-10-09_01-18-10_72.jpg,4
_L2_2019-10-09_01-18-44_41.jpg,4
_S3_2019-10-09_01-17-26_67.jpg,3
_L2_2019-10-09_01-18-10_75.jpg,4
L2_2019-10-09_01-16-53_75.jpg,2
R4_2019-10-09_01-18-56_146.jpg,4
S3_2019-10-09_01-17-19_9.jpg,3
_S3_2019-10-09_01-18-41_16.jpg,3
_L2_2019-10-09_01-16-18_51.jpg,4
_S3_2019-10-09_01-18-16_123.jpg,3
_S3_2019-10-09_01-18-03_12.jpg,3
S3_2019-10-09_01-17-19_7.jpg,3
L2_2019-10-09_01-16-15_24.jpg,2
L2_2019-10-09_01-15-47_97.jpg,2
_S3_2019-10-09_01-18-39_4.jpg,3
R4_2019-10-09_01-18-56_147.jpg,4
S3_2019-10-09_01-15-37_17.jpg,3
_S3_2019-10-09_01-18-39_5.jpg,3
_L2_2019-10-09_01-17-23_37.jpg,4
_R4_2019-10-09_01-16-33_171.jpg,2
S3_2019-10-09_01-17-00_133.jpg,3
_R4_2019-10-09_01-17-36_144.jpg,2
_R4_2019-10-09_01-17-33_124.jpg,2
_S3_2019-10-09_01-15-39_31.jpg,3
_S3_2019-10-09_01-18-47_70.jpg,3
S3_2019-10-09_01-15-36_13.jpg,3
L2_2019-10-09_01-16-50_48.jpg,2
_S3_2019-10-09_01-16-58_116.jpg,3
R4_2019-10-09_01-16-25_105.jpg,4
L2_2019-10-09_01-15-41_47.jpg,2
S3_2019-10-09_01-15-48_113.jpg,3
_L2_2019-10-09_01-16-52_66.jpg,4
R4_2019-10-09_01-15-56_178.jpg,4
S3_2019-10-09_01-17-28_77.jpg,3
S3_2019-10-09_01-18-15_117.jpg,3
L2_2019-10-09_01-15-45_81.jpg,2
_L2_2019-10-09_01-18-46_60.jpg,4
_S3_2019-10-09_01-15-48_109.jpg,3
_R4_2019-10-09_01-19-00_173.jpg,2
S3_2019-10-09_01-18-41_17.jpg,3
_L2_2019-10-09_01-18-05_33.jpg,4
_S3_2019-10-09_01-15-49_119.jpg,3
_R4_2019-10-09_01-19-01_183.jpg,2
_R4_2019-10-09_01-18-24_189.jpg,2
_S3_2019-10-09_01-16-19_58.jpg,3
S3_2019-10-09_01-15-36_6.jpg,3
_S3_2019-10-09_01-18-42_26.jpg,3
_S3_2019-10-09_01-16-44_5.jpg,3
_L2_2019-10-09_01-18-43_33.jpg,4
_S3_2019-10-09_01-15-38_28.jpg,3
R4_2019-10-09_01-18-23_184.jpg,4
R4_2019-10-09_01-17-37_155.jpg,4
_L2_2019-10-09_01-16-56_105.jpg,4
S3_2019-10-09_01-18-14_103.jpg,3
_R4_2019-10-09_01-15-55_167.jpg,2
S3_2019-10-09_01-15-38_24.jpg,3
L2_2019-10-09_01-18-48_80.jpg,2
R4_2019-10-09_01-16-32_166.jpg,4
L2_2019-10-09_01-18-46_59.jpg,2
_L2_2019-10-09_01-16-20_68.jpg,4
S3_2019-10-09_01-19-00_179.jpg,3
L2_2019-10-09_01-15-41_52.jpg,2
_L2_2019-10-09_01-15-47_104.jpg,4
S3_2019-10-09_01-15-50_125.jpg,3
_S3_2019-10-09_01-15-38_23.jpg,3
S3_2019-10-09_01-16-13_6.jpg,3
L2_2019-10-09_01-18-06_36.jpg,2
R4_2019-10-09_01-15-58_191.jpg,4
_L2_2019-10-09_01-16-49_42.jpg,4
S3_2019-10-09_01-15-48_111.jpg,3
_S3_2019-10-09_01-16-59_129.jpg,3
_L2_2019-10-09_01-18-09_61.jpg,4
L2_2019-10-09_01-16-16_29.jpg,2
_R4_2019-10-09_01-17-06_183.jpg,2
_L2_2019-10-09_01-15-44_77.jpg,4
_L2_2019-10-09_01-16-56_99.jpg,4
_S3_2019-10-09_01-19-00_175.jpg,3
S3_2019-10-09_01-16-44_5.jpg,3
_S3_2019-10-09_01-17-01_140.jpg,3
_L2_2019-10-09_01-16-47_23.jpg,4
S3_2019-10-09_01-15-50_128.jpg,3
S3_2019-10-09_01-15-49_119.jpg,3
_R4_2019-10-09_01-17-04_172.jpg,2
S3_2019-10-09_01-17-00_132.jpg,3
_S3_2019-10-09_01-15-36_10.jpg,3
S3_2019-10-09_01-18-03_17.jpg,3
S3_2019-10-09_01-18-19_145.jpg,3
_S3_2019-10-09_01-18-18_139.jpg,3
S3_2019-10-09_01-18-11_79.jpg,3
L2_2019-10-09_01-18-11_78.jpg,2
L2_2019-10-09_01-16-48_37.jpg,2
_R4_2019-10-09_01-19-01_182.jpg,2
_R4_2019-10-09_01-18-24_190.jpg,2
_S3_2019-10-09_01-18-48_76.jpg,3
S3_2019-10-09_01-16-19_57.jpg,3
_S3_2019-10-09_01-18-15_111.jpg,3
_L2_2019-10-09_01-15-45_81.jpg,4
_L2_2019-10-09_01-18-47_65.jpg,4
_S3_2019-10-09_01-16-13_6.jpg,3
_L2_2019-10-09_01-16-54_83.jpg,4
R4_2019-10-09_01-15-58_195.jpg,4
L2_2019-10-09_01-16-21_72.jpg,2
L2_2019-10-09_01-16-49_44.jpg,2
_L2_2019-10-09_01-18-44_40.jpg,4
_S3_2019-10-09_01-18-40_12.jpg,3
_L2_2019-10-09_01-18-46_58.jpg,4
_S3_2019-10-09_01-17-18_0.jpg,3
_R4_2019-10-09_01-16-25_109.jpg,2
_L2_2019-10-09_01-17-24_44.jpg,4
L2_2019-10-09_01-15-47_103.jpg,2
_L2_2019-10-09_01-15-39_38.jpg,4
L2_2019-10-09_01-16-16_34.jpg,2
_R4_2019-10-09_01-16-30_151.jpg,2
S3_2019-10-09_01-15-52_144.jpg,3
L2_2019-10-09_01-16-20_68.jpg,2
S3_2019-10-09_01-18-42_28.jpg,3
_L2_2019-10-09_01-17-22_32.jpg,4
_S3_2019-10-09_01-18-49_89.jpg,3
_R4_2019-10-09_01-17-33_121.jpg,2
_L2_2019-10-09_01-17-00_135.jpg,4
L2_2019-10-09_01-18-49_83.jpg,2
_R4_2019-10-09_01-16-32_170.jpg,2
S3_2019-10-09_01-15-48_107.jpg,3
_L2_2019-10-09_01-15-44_72.jpg,4
S3_2019-10-09_01-17-29_91.jpg,3
_L2_2019-10-09_01-16-47_25.jpg,4
L2_2019-10-09_01-16-57_110.jpg,2
_R4_2019-10-09_01-18-20_155.jpg,2
_S3_2019-10-09_01-18-04_19.jpg,3
_L2_2019-10-09_01-15-42_59.jpg,4
_L2_2019-10-09_01-18-06_38.jpg,4
_S3_2019-10-09_01-18-42_29.jpg,3
L2_2019-10-09_01-15-44_74.jpg,2
_L2_2019-10-09_01-18-05_30.jpg,4
_S3_2019-10-09_01-15-53_148.jpg,3
S3_2019-10-09_01-16-22_81.jpg,3
_R4_2019-10-09_01-17-33_125.jpg,2
_R4_2019-10-09_01-18-56_144.jpg,2
_L2_2019-10-09_01-18-09_64.jpg,4
_S3_2019-10-09_01-18-04_21.jpg,3
L2_2019-10-09_01-16-47_27.jpg,2
_S3_2019-10-09_01-18-14_105.jpg,3
_S3_2019-10-09_01-18-39_1.jpg,3
_L2_2019-10-09_01-18-07_49.jpg,4
R4_2019-10-09_01-16-27_121.jpg,4
S3_2019-10-09_01-17-21_22.jpg,3
_S3_2019-10-09_01-16-29_138.jpg,3
_L2_2019-10-09_01-15-41_51.jpg,4
L2_2019-10-09_01-18-47_66.jpg,2
_L2_2019-10-09_01-15-41_54.jpg,4
_S3_2019-10-09_01-15-36_11.jpg,3
_L2_2019-10-09_01-15-40_40.jpg,4
S3_2019-10-09_01-17-25_58.jpg,3
_R4_2019-10-09_01-17-34_132.jpg,2
S3_2019-10-09_01-16-59_125.jpg,3
L2_2019-10-09_01-18-12_89.jpg,2
_R4_2019-10-09_01-15-56_178.jpg,2
_R4_2019-10-09_01-17-34_134.jpg,2
_R4_2019-10-09_01-19-01_186.jpg,2
S3_2019-10-09_01-17-26_66.jpg,3
_R4_2019-10-09_01-17-04_165.jpg,2
_R4_2019-10-09_01-17-37_157.jpg,2
_L2_2019-10-09_01-16-16_30.jpg,4
_S3_2019-10-09_01-18-01_0.jpg,3
_R4_2019-10-09_01-18-22_174.jpg,2
S3_2019-10-09_01-18-15_110.jpg,3
L2_2019-10-09_01-15-42_62.jpg,2
_R4_2019-10-09_01-16-32_168.jpg,2
S3_2019-10-09_01-16-19_61.jpg,3
S3_2019-10-09_01-15-52_146.jpg,3
S3_2019-10-09_01-16-20_65.jpg,3
L2_2019-10-09_01-18-49_81.jpg,2
L2_2019-10-09_01-18-47_67.jpg,2
S3_2019-10-09_01-17-30_93.jpg,3
_L2_2019-10-09_01-16-15_28.jpg,4
_S3_2019-10-09_01-16-44_3.jpg,3
L2_2019-10-09_01-18-44_41.jpg,2
R4_2019-10-09_01-18-56_143.jpg,4
S3_2019-10-09_01-18-50_95.jpg,3
_S3_2019-10-09_01-18-50_94.jpg,3
S3_2019-10-09_01-17-25_59.jpg,3
R4_2019-10-09_01-18-23_179.jpg,4
S3_2019-10-09_01-18-41_20.jpg,3
S3_2019-10-09_01-18-14_108.jpg,3
_S3_2019-10-09_01-18-19_144.jpg,3
L2_2019-10-09_01-16-21_74.jpg,2
S3_2019-10-09_01-17-30_95.jpg,3
R4_2019-10-09_01-17-02_150.jpg,4
_R4_2019-10-09_01-16-25_110.jpg,2
_L2_2019-10-09_01-16-56_102.jpg,4
R4_2019-10-09_01-17-06_184.jpg,4
S3_2019-10-09_01-16-14_20.jpg,3
S3_2019-10-09_01-18-59_166.jpg,3
_S3_2019-10-09_01-18-03_11.jpg,3
_L2_2019-10-09_01-16-56_100.jpg,4
R4_2019-10-09_01-17-37_159.jpg,4
R4_2019-10-09_01-16-27_122.jpg,4
_S3_2019-10-09_01-16-19_59.jpg,3
_L2_2019-10-09_01-15-41_49.jpg,4
_S3_2019-10-09_01-17-26_64.jpg,3
_S3_2019-10-09_01-15-36_6.jpg,3
S3_2019-10-09_01-17-27_70.jpg,3
_R4_2019-10-09_01-16-31_154.jpg,2
S3_2019-10-09_01-15-37_18.jpg,3
L2_2019-10-09_01-18-16_126.jpg,2
_L2_2019-10-09_01-16-53_77.jpg,4
L2_2019-10-09_01-17-00_136.jpg,2
_S3_2019-10-09_01-17-19_1.jpg,3
R4_2019-10-09_01-18-20_158.jpg,4
S3_2019-10-09_01-15-45_88.jpg,3
_S3_2019-10-09_01-18-58_163.jpg,3
_L2_2019-10-09_01-18-47_67.jpg,4
S3_2019-10-09_01-18-19_147.jpg,3
_L2_2019-10-09_01-18-47_66.jpg,4
S3_2019-10-09_01-18-02_3.jpg,3
R4_2019-10-09_01-15-59_202.jpg,4
_L2_2019-10-09_01-17-20_15.jpg,4
L2_2019-10-09_01-16-16_30.jpg,2
_L2_2019-10-09_01-15-42_58.jpg,4
L2_2019-10-09_01-17-22_30.jpg,2
S3_2019-10-09_01-15-38_25.jpg,3
_S3_2019-10-09_01-16-12_2.jpg,3
S3_2019-10-09_01-18-15_111.jpg,3
S3_2019-10-09_01-18-01_0.jpg,3
R4_2019-10-09_01-16-25_104.jpg,4
R4_2019-10-09_01-16-32_167.jpg,4
_S3_2019-10-09_01-16-20_63.jpg,3
_R4_2019-10-09_01-15-56_176.jpg,2
R4_2019-10-09_01-15-56_180.jpg,4
_L2_2019-10-09_01-16-57_110.jpg,4
L2_2019-10-09_01-18-51_105.jpg,2
_R4_2019-10-09_01-15-59_197.jpg,2
_L2_2019-10-09_01-18-51_105.jpg,4
S3_2019-10-09_01-17-28_84.jpg,3
_S3_2019-10-09_01-17-30_94.jpg,3
L2_2019-10-09_01-16-18_50.jpg,2
S3_2019-10-09_01-18-02_1.jpg,3
S3_2019-10-09_01-16-13_4.jpg,3
_L2_2019-10-09_01-18-07_45.jpg,4
L2_2019-10-09_01-16-53_74.jpg,2
L2_2019-10-09_01-16-21_75.jpg,2
_L2_2019-10-09_01-16-48_32.jpg,4
_R4_2019-10-09_01-18-59_169.jpg,2
S3_2019-10-09_01-18-03_13.jpg,3
_L2_2019-10-09_01-16-20_69.jpg,4
L2_2019-10-09_01-17-00_137.jpg,2
S3_2019-10-09_01-15-45_86.jpg,3
L2_2019-10-09_01-17-22_33.jpg,2
R4_2019-10-09_01-18-23_180.jpg,4
L2_2019-10-09_01-15-42_60.jpg,2
_S3_2019-10-09_01-16-14_13.jpg,3
_S3_2019-10-09_01-18-16_121.jpg,3
_S3_2019-10-09_01-15-53_147.jpg,3
S3_2019-10-09_01-15-49_118.jpg,3
_S3_2019-10-09_01-18-51_99.jpg,3
S3_2019-10-09_01-18-47_72.jpg,3
_L2_2019-10-09_01-17-20_12.jpg,4
L2_2019-10-09_01-17-25_55.jpg,2
R4_2019-10-09_01-17-04_170.jpg,4
_L2_2019-10-09_01-16-15_26.jpg,4
_S3_2019-10-09_01-17-30_96.jpg,3
L2_2019-10-09_01-16-53_77.jpg,2
R4_2019-10-09_01-16-25_107.jpg,4
L2_2019-10-09_01-18-07_50.jpg,2
_R4_2019-10-09_01-17-34_131.jpg,2
R4_2019-10-09_01-17-05_179.jpg,4
S3_2019-10-09_01-18-02_9.jpg,3
_L2_2019-10-09_01-18-44_42.jpg,4
_R4_2019-10-09_01-18-23_181.jpg,2
_L2_2019-10-09_01-16-56_101.jpg,4
_S3_2019-10-09_01-16-12_0.jpg,3
R4_2019-10-09_01-16-28_132.jpg,4
S3_2019-10-09_01-18-42_29.jpg,3
_S3_2019-10-09_01-18-50_90.jpg,3
L2_2019-10-09_01-17-20_11.jpg,2
L2_2019-10-09_01-16-15_27.jpg,2
_L2_2019-10-09_01-18-46_64.jpg,4
R4_2019-10-09_01-16-33_171.jpg,4
S3_2019-10-09_01-18-19_146.jpg,3
_L2_2019-10-09_01-16-15_22.jpg,4
R4_2019-10-09_01-16-28_130.jpg,4
_L2_2019-10-09_01-18-06_37.jpg,4
S3_2019-10-09_01-18-18_140.jpg,3
_R4_2019-10-09_01-16-28_131.jpg,2
_L2_2019-10-09_01-15-40_46.jpg,4
_L2_2019-10-09_01-18-06_41.jpg,4
S3_2019-10-09_01-15-51_135.jpg,3
_S3_2019-10-09_01-16-13_5.jpg,3
R4_2019-10-09_01-18-24_191.jpg,4
_S3_2019-10-09_01-15-45_86.jpg,3
S3_2019-10-09_01-18-11_80.jpg,3
_L2_2019-10-09_01-18-13_94.jpg,4
L2_2019-10-09_01-18-09_64.jpg,2
_S3_2019-10-09_01-16-20_67.jpg,3
L2_2019-10-09_01-18-13_99.jpg,2
S3_2019-10-09_01-16-59_126.jpg,3
_R4_2019-10-09_01-16-30_149.jpg,2
S3_2019-10-09_01-17-30_100.jpg,3
_R4_2019-10-09_01-17-04_170.jpg,2
R4_2019-10-09_01-19-01_182.jpg,4
R4_2019-10-09_01-15-56_176.jpg,4
L2_2019-10-09_01-16-20_70.jpg,2
R4_2019-10-09_01-17-06_183.jpg,4
_L2_2019-10-09_01-17-24_48.jpg,4
S3_2019-10-09_01-15-36_12.jpg,3
R4_2019-10-09_01-18-55_132.jpg,4
_R4_2019-10-09_01-16-32_169.jpg,2
L2_2019-10-09_01-16-47_24.jpg,2
S3_2019-10-09_01-15-49_116.jpg,3
R4_2019-10-09_01-16-31_154.jpg,4
_R4_2019-10-09_01-17-37_156.jpg,2
_L2_2019-10-09_01-17-24_49.jpg,4
S3_2019-10-09_01-17-20_16.jpg,3
R4_2019-10-09_01-18-24_188.jpg,4
L2_2019-10-09_01-18-12_88.jpg,2
R4_2019-10-09_01-18-24_190.jpg,4
S3_2019-10-09_01-16-14_17.jpg,3
R4_2019-10-09_01-19-00_180.jpg,4
R4_2019-10-09_01-18-23_183.jpg,4
S3_2019-10-09_01-15-48_109.jpg,3
_R4_2019-10-09_01-16-27_123.jpg,2
S3_2019-10-09_01-17-27_68.jpg,3
_S3_2019-10-09_01-16-14_18.jpg,3
_S3_2019-10-09_01-16-22_79.jpg,3
_L2_2019-10-09_01-15-47_98.jpg,4
_S3_2019-10-09_01-16-14_17.jpg,3
R4_2019-10-09_01-18-59_169.jpg,4
_R4_2019-10-09_01-17-04_167.jpg,2
S3_2019-10-09_01-15-38_27.jpg,3
_S3_2019-10-09_01-18-04_22.jpg,3
S3_2019-10-09_01-15-52_139.jpg,3
_S3_2019-10-09_01-18-18_141.jpg,3
_R4_2019-10-09_01-18-21_164.jpg,2
L2_2019-10-09_01-16-51_62.jpg,2
_R4_2019-10-09_01-15-58_193.jpg,2
_R4_2019-10-09_01-15-57_183.jpg,2
_R4_2019-10-09_01-17-37_155.jpg,2
_R4_2019-10-09_01-18-58_158.jpg,2
L2_2019-10-09_01-16-49_39.jpg,2
R4_2019-10-09_01-15-58_196.jpg,4
S3_2019-10-09_01-15-37_20.jpg,3
S3_2019-10-09_01-18-02_4.jpg,3
S3_2019-10-09_01-18-41_21.jpg,3
_S3_2019-10-09_01-15-51_133.jpg,3
_S3_2019-10-09_01-18-51_100.jpg,3
_R4_2019-10-09_01-16-28_136.jpg,2
_S3_2019-10-09_01-15-51_136.jpg,3
_L2_2019-10-09_01-15-45_84.jpg,4
R4_2019-10-09_01-17-36_147.jpg,4
_S3_2019-10-09_01-16-58_115.jpg,3
_R4_2019-10-09_01-17-06_188.jpg,2
R4_2019-10-09_01-18-55_134.jpg,4
L2_2019-10-09_01-16-18_51.jpg,2
R4_2019-10-09_01-17-34_131.jpg,4
_S3_2019-10-09_01-18-14_106.jpg,3
_R4_2019-10-09_01-19-00_180.jpg,2
L2_2019-10-09_01-15-43_70.jpg,2
_L2_2019-10-09_01-16-15_27.jpg,4
S3_2019-10-09_01-17-29_90.jpg,3
_L2_2019-10-09_01-18-07_46.jpg,4
_R4_2019-10-09_01-18-23_184.jpg,2
L2_2019-10-09_01-15-42_59.jpg,2
_L2_2019-10-09_01-16-57_109.jpg,4
L2_2019-10-09_01-15-40_43.jpg,2
S3_2019-10-09_01-15-37_21.jpg,3
S3_2019-10-09_01-18-13_101.jpg,3
_S3_2019-10-09_01-18-40_7.jpg,3
L2_2019-10-09_01-15-42_61.jpg,2
L2_2019-10-09_01-18-05_30.jpg,2
_S3_2019-10-09_01-18-18_142.jpg,3
S3_2019-10-09_01-18-41_19.jpg,3
_L2_2019-10-09_01-15-41_47.jpg,4
_S3_2019-10-09_01-18-03_13.jpg,3
_R4_2019-10-09_01-19-00_181.jpg,2
_R4_2019-10-09_01-18-57_151.jpg,2
R4_2019-10-09_01-15-55_167.jpg,4
S3_2019-10-09_01-15-35_4.jpg,3
_S3_2019-10-09_01-17-29_86.jpg,3
_R4_2019-10-09_01-18-57_154.jpg,2
_S3_2019-10-09_01-18-18_137.jpg,3
_S3_2019-10-09_01-16-19_61.jpg,3
_L2_2019-10-09_01-18-17_128.jpg,4
L2_2019-10-09_01-17-01_139.jpg,2
L2_2019-10-09_01-15-45_80.jpg,2
_S3_2019-10-09_01-15-36_13.jpg,3
L2_2019-10-09_01-16-18_52.jpg,2
_L2_2019-10-09_01-18-43_36.jpg,4
R4_2019-10-09_01-18-22_175.jpg,4
_L2_2019-10-09_01-16-49_44.jpg,4
_L2_2019-10-09_01-16-21_78.jpg,4
